,Season,TeamID,Rank_WLK,Rank_DOL,Rank_COL,Rank_SAG,Rank_MOR,Rank_POM,Seed,TeamName,Wins,Losses,Win%,T_Wins
0,2003,1328,8,6,3,8,6,9,1,Oklahoma,24,6,80.0,3.0
6,2003,1448,9,4,8,9,20,12,2,Wake Forest,24,5,82.7586,1.0
12,2003,1393,14,5,9,12,21,15,3,Syracuse,24,5,82.7586,6.0
18,2003,1257,6,16,6,6,14,14,4,Louisville,24,6,80.0,1.0
24,2003,1280,17,19,25,16,8,11,5,Mississippi St,21,9,70.0,0.0
30,2003,1329,23,27,26,25,29,29,6,Oklahoma St,20,9,68.9655,1.0
36,2003,1386,16,22,27,20,38,18,7,St Joseph's PA,23,6,79.3103,0.0
42,2003,1143,33,25,28,40,43,40,8,California,21,8,72.4138,1.0
48,2003,1301,51,49,56,46,31,48,9,NC State,18,12,60.0,0.0
54,2003,1120,47,43,44,43,44,45,10,Auburn,19,11,63.3333,2.0
60,2003,1335,46,34,50,49,83,43,11,Penn,22,5,81.4815,0.0
66,2003,1139,29,28,29,35,74,51,12,Butler,24,5,82.7586,2.0
72,2003,1122,77,66,69,103,151,123,13,Austin Peay,20,7,74.0741,0.0
78,2003,1264,48,57,52,69,88,63,14,Manhattan,23,6,79.3103,0.0
84,2003,1190,123,105,120,133,149,147,15,ETSU,17,10,62.963,0.0
90,2003,1354,205,190,180,231,238,230,16,S Carolina St,20,10,66.6667,0.0
96,2003,1400,7,7,4,5,12,7,1,Texas,22,6,78.5714,4.0
102,2003,1196,11,8,14,7,7,6,2,Florida,24,7,77.4194,1.0
108,2003,1462,15,14,16,13,19,17,3,Xavier,25,5,83.3333,1.0
114,2003,1390,28,23,17,29,25,30,4,Stanford,23,8,74.1935,1.0
120,2003,1163,26,26,30,23,17,23,5,Connecticut,21,9,70.0,2.0
126,2003,1268,27,32,37,21,9,19,6,Maryland,19,9,67.8571,2.0
132,2003,1277,35,45,42,36,16,25,7,Michigan St,19,12,61.2903,3.0
138,2003,1261,30,30,36,27,11,21,8,LSU,21,10,67.7419,0.0
144,2003,1345,39,40,33,34,37,38,9,Purdue,18,10,64.2857,1.0
150,2003,1160,40,38,45,33,30,28,10,Colorado,20,11,64.5161,0.0
156,2003,1423,41,53,58,51,48,47,11,UNC Wilmington,24,6,80.0,0.0
162,2003,1140,25,36,23,28,42,26,12,BYU,23,8,74.1935,0.0
168,2003,1360,80,100,91,87,77,82,13,San Diego,17,11,60.7143,0.0
174,2003,1407,57,56,66,78,108,69,14,Troy,25,5,83.3333,0.0
180,2003,1358,102,93,87,138,169,134,15,Sam Houston St,21,6,77.7778,0.0
186,2003,1411,240,239,212,257,293,268,16,TX Southern,18,12,60.0,0.0
192,2003,1421,237,258,213,251,277,273,16,UNC Asheville,13,16,44.8276,1.0
198,2003,1246,1,1,1,1,1,1,1,Kentucky,29,3,90.625,3.0
204,2003,1338,3,3,5,3,3,2,2,Pittsburgh,26,4,86.6667,2.0
210,2003,1266,13,10,10,14,18,13,3,Marquette,23,5,82.1429,4.0
216,2003,1173,22,15,13,26,32,31,4,Dayton,24,5,82.7586,0.0
222,2003,1458,18,24,21,19,15,16,5,Wisconsin,22,7,75.8621,2.0
228,2003,1281,24,20,24,22,24,24,6,Missouri,21,10,67.7419,1.0
234,2003,1231,37,35,39,41,34,46,7,Indiana,20,12,62.5,1.0
240,2003,1332,43,29,32,30,27,42,8,Oregon,23,9,71.875,0.0
246,2003,1428,31,33,20,38,66,37,9,Utah,23,7,76.6667,1.0
252,2003,1104,36,39,43,37,26,33,10,Alabama,17,11,60.7143,0.0
258,2003,1356,44,31,31,50,72,57,11,S Illinois,24,6,80.0,0.0
264,2003,1451,67,65,34,59,100,60,12,Weber St,25,4,86.2069,0.0
270,2003,1409,55,79,57,58,35,53,13,Tulsa,22,9,70.9677,1.0
276,2003,1221,59,42,59,68,105,80,14,Holy Cross,25,4,86.2069,0.0
282,2003,1447,148,145,123,174,190,188,15,Wagner,21,10,67.7419,0.0
288,2003,1237,144,139,148,162,145,133,16,IUPUI,19,13,59.375,0.0
294,2003,1112,2,2,2,2,4,3,1,Arizona,25,3,89.2857,3.0
300,2003,1242,4,11,7,4,2,4,2,Kansas,23,7,76.6667,5.0
306,2003,1181,5,9,11,10,10,8,3,Duke,24,6,80.0,2.0
312,2003,1228,10,12,15,11,5,5,4,Illinois,24,6,80.0,1.0
318,2003,1323,20,17,22,17,36,22,5,Notre Dame,22,9,70.9677,2.0
324,2003,1166,19,18,18,18,33,27,6,Creighton,29,4,87.8788,0.0
330,2003,1272,21,21,19,24,23,20,7,Memphis,23,6,79.3103,0.0
336,2003,1153,45,54,46,42,39,35,8,Cincinnati,17,11,60.7143,0.0
342,2003,1211,38,50,40,39,54,41,9,Gonzaga,23,8,74.1935,1.0
348,2003,1113,34,48,38,32,22,32,10,Arizona St,18,11,62.069,1.0
354,2003,1141,32,37,35,48,50,50,11,C Michigan,23,6,79.3103,1.0
360,2003,1454,50,51,48,44,52,56,12,WI Milwaukee,23,7,76.6667,0.0
366,2003,1443,53,55,53,60,59,52,13,WKU,23,8,74.1935,0.0
372,2003,1161,92,91,75,89,85,87,14,Colorado St,17,13,56.6667,0.0
378,2003,1429,89,89,74,101,128,109,15,Utah St,22,8,73.3333,0.0
384,2003,1436,153,156,144,158,187,144,16,Vermont,19,10,65.5172,0.0
390,2004,1181,2,3,2,1,1,1,1,Duke,27,5,84.375,4.0
396,2004,1280,7,7,5,9,8,7,2,Mississippi St,25,3,89.2857,1.0
402,2004,1400,17,12,13,15,20,17,3,Texas,23,7,76.6667,2.0
408,2004,1153,11,16,10,14,13,15,4,Cincinnati,24,6,80.0,1.0
414,2004,1228,16,15,14,18,16,19,5,Illinois,24,6,80.0,2.0
420,2004,1314,14,17,21,13,11,11,6,North Carolina,18,10,64.2857,1.0
426,2004,1462,28,37,41,37,21,26,7,Xavier,23,10,69.697,3.0
432,2004,1371,37,40,28,34,32,28,8,Seton Hall,19,9,67.8571,1.0
438,2004,1112,33,44,36,32,26,33,9,Arizona,20,9,68.9655,0.0
444,2004,1257,21,34,27,20,19,23,10,Louisville,20,9,68.9655,0.0
450,2004,1102,46,39,49,43,61,47,11,Air Force,22,6,78.5714,0.0
456,2004,1293,50,51,51,50,73,63,12,Murray St,25,5,83.3333,0.0
462,2004,1190,47,47,47,73,93,67,13,ETSU,24,5,82.7586,0.0
468,2004,1343,102,90,110,116,133,102,14,Princeton,19,7,73.0769,0.0
474,2004,1284,152,155,123,181,215,188,15,Monmouth NJ,21,11,65.625,0.0
480,2004,1106,254,274,241,263,270,278,16,Alabama St,16,14,53.3333,0.0
486,2004,1390,4,2,4,6,7,12,1,Stanford,29,1,96.6667,1.0
492,2004,1163,9,10,9,7,3,8,2,Connecticut,27,6,81.8182,6.0
498,2004,1301,12,11,16,12,9,6,3,NC State,20,9,68.9655,1.0
504,2004,1268,18,18,23,17,17,16,4,Maryland,19,11,63.3333,1.0
510,2004,1393,26,23,15,35,24,27,5,Syracuse,21,7,75.0,2.0
516,2004,1435,24,30,24,21,29,24,6,Vanderbilt,21,9,70.0,2.0
522,2004,1177,43,41,38,47,44,52,7,DePaul,21,9,70.0,1.0
528,2004,1104,36,45,39,33,27,34,8,Alabama,17,12,58.6207,3.0
534,2004,1356,31,19,22,36,58,45,9,S Illinois,25,4,86.2069,0.0
540,2004,1173,51,38,33,56,56,61,10,Dayton,24,8,75.0,0.0
546,2004,1444,23,21,29,28,30,30,11,W Michigan,26,4,86.6667,0.0
552,2004,1140,32,33,40,30,40,31,12,BYU,19,8,70.3704,0.0
558,2004,1431,48,36,44,42,79,43,13,UTEP,22,7,75.8621,0.0
564,2004,1418,59,76,76,71,68,60,14,Louisiana,18,8,69.2308,0.0
570,2004,1436,129,118,114,150,161,162,15,Vermont,22,8,73.3333,0.0
576,2004,1427,203,206,183,233,213,216,16,UT San Antonio,16,12,57.1429,0.0
582,2004,1386,1,1,3,2,12,5,1,St Joseph's PA,27,1,96.4286,3.0
588,2004,1329,6,6,6,5,5,9,2,Oklahoma St,26,3,89.6552,4.0
594,2004,1338,10,8,7,10,6,3,3,Pittsburgh,28,4,87.5,2.0
600,2004,1448,15,13,17,11,15,13,4,Wake Forest,19,9,67.8571,2.0
606,2004,1196,19,24,19,19,18,18,5,Florida,20,10,66.6667,0.0
612,2004,1458,13,14,11,16,4,14,6,Wisconsin,24,6,80.0,1.0
618,2004,1272,27,25,25,29,34,32,7,Memphis,21,7,75.0,1.0
624,2004,1403,34,31,31,26,31,29,8,Texas Tech,22,10,68.75,1.0
630,2004,1150,29,27,30,31,45,39,9,Charlotte,21,8,72.4138,0.0
636,2004,1376,30,29,34,24,37,35,10,South Carolina,23,10,69.697,0.0
642,2004,1350,42,54,53,45,46,38,11,Richmond,20,12,62.5,0.0
648,2004,1264,44,53,46,57,70,56,12,Manhattan,24,5,82.7586,1.0
654,2004,1433,52,55,59,79,78,82,13,VCU,23,7,76.6667,0.0
660,2004,1416,67,59,62,86,123,98,14,UCF,24,5,82.7586,0.0
666,2004,1186,115,126,140,127,124,129,15,E Washington,16,12,57.1429,0.0
672,2004,1251,171,190,163,196,194,181,16,Liberty,17,14,54.8387,0.0
678,2004,1246,3,5,1,4,2,4,1,Kentucky,26,4,86.6667,1.0
684,2004,1211,5,4,8,3,22,2,2,Gonzaga,27,2,93.1034,1.0
690,2004,1210,8,9,12,8,10,10,3,Georgia Tech,23,9,71.875,5.0
696,2004,1242,20,20,18,23,14,25,4,Kansas,20,8,71.4286,3.0
702,2004,1344,22,22,20,22,23,21,5,Providence,20,8,71.4286,0.0
708,2004,1130,38,28,26,38,28,40,6,Boston College,23,9,71.875,1.0
714,2004,1277,40,52,45,44,25,37,7,Michigan St,18,11,62.069,0.0
720,2004,1449,49,58,54,53,39,51,8,Washington,19,11,63.3333,0.0
726,2004,1412,39,50,42,40,41,36,9,UAB,20,9,68.9655,2.0
732,2004,1305,25,35,35,25,36,22,10,Nevada,22,8,73.3333,2.0
738,2004,1428,41,32,32,39,42,44,11,Utah,23,8,74.1935,0.0
744,2004,1334,63,57,60,72,90,71,12,Pacific,23,7,76.6667,1.0
750,2004,1227,58,63,70,80,63,58,13,IL Chicago,24,7,77.4194,0.0
756,2004,1320,72,74,66,84,81,80,14,Northern Iowa,20,9,68.9655,0.0
762,2004,1434,131,131,130,151,134,132,15,Valparaiso,17,12,58.6207,0.0
768,2004,1197,275,276,261,287,255,276,16,Florida A&M,14,16,46.6667,1.0
774,2004,1250,194,182,181,222,212,218,16,Lehigh,18,10,64.2857,0.0
780,2005,1449,6,6,3,5,8,10,1,Washington,26,5,83.871,2.0
786,2005,1448,4,3,6,4,5,5,2,Wake Forest,26,5,83.871,1.0
792,2005,1211,13,13,12,21,32,16,3,Gonzaga,25,4,86.2069,1.0
798,2005,1257,9,9,11,7,6,9,4,Louisville,27,4,87.0968,4.0
804,2005,1210,22,24,29,20,16,23,5,Georgia Tech,19,11,63.3333,1.0
810,2005,1403,30,23,26,22,33,36,6,Texas Tech,20,10,66.6667,2.0
816,2005,1452,39,30,34,38,30,35,7,West Virginia,21,10,67.7419,3.0
822,2005,1334,24,17,23,27,67,39,8,Pacific,26,3,89.6552,1.0
828,2005,1338,26,28,28,29,21,22,9,Pittsburgh,20,8,71.4286,0.0
834,2005,1166,41,48,40,45,46,37,10,Creighton,23,10,69.697,0.0
840,2005,1417,40,51,30,51,42,46,11,UCLA,18,10,64.2857,0.0
846,2005,1203,33,47,49,40,29,44,12,G Washington,22,7,75.8621,0.0
852,2005,1418,67,76,70,76,70,58,13,Louisiana,19,10,65.5172,0.0
858,2005,1457,90,69,75,106,141,94,14,Winthrop,24,5,82.7586,0.0
864,2005,1151,131,137,134,143,170,165,15,Chattanooga,17,10,62.963,0.0
870,2005,1285,176,167,160,182,178,192,16,Montana,16,12,57.1429,0.0
876,2005,1228,1,1,1,1,3,1,1,Illinois,32,1,96.9697,5.0
882,2005,1329,5,7,8,6,12,7,2,Oklahoma St,23,6,79.3103,2.0
888,2005,1112,10,14,7,12,9,15,3,Arizona,27,6,81.8182,3.0
894,2005,1130,18,10,9,18,25,21,4,Boston College,24,4,85.7143,1.0
900,2005,1104,16,15,20,16,11,18,5,Alabama,23,7,76.6667,0.0
906,2005,1261,28,31,25,30,22,32,6,LSU,20,9,68.9655,0.0
912,2005,1356,23,26,21,31,54,29,7,S Illinois,25,7,78.125,1.0
918,2005,1400,35,29,38,25,36,34,8,Texas,19,10,65.5172,0.0
924,2005,1305,43,46,27,41,63,47,9,Nevada,23,6,79.3103,1.0
930,2005,1388,49,42,35,55,7,63,10,St Mary's CA,23,8,74.1935,0.0
936,2005,1412,50,57,48,48,48,55,11,UAB,21,10,67.7419,1.0
942,2005,1454,38,35,45,36,56,42,12,WI Milwaukee,22,5,81.4815,2.0
948,2005,1335,64,79,86,69,91,81,13,Penn,20,8,71.4286,0.0
954,2005,1429,37,67,61,44,31,26,14,Utah St,24,7,77.4194,0.0
960,2005,1368,118,123,133,140,168,131,15,SE Louisiana,19,8,70.3704,0.0
966,2005,1192,182,183,177,201,198,193,16,F Dickinson,19,12,61.2903,0.0
972,2005,1181,3,4,5,3,2,3,1,Duke,25,5,83.3333,2.0
978,2005,1246,8,5,10,8,14,13,2,Kentucky,25,5,83.3333,3.0
984,2005,1328,12,11,14,10,17,17,3,Oklahoma,24,7,77.4194,1.0
990,2005,1393,19,12,13,15,18,14,4,Syracuse,27,6,81.8182,0.0
996,2005,1277,11,16,18,11,10,4,5,Michigan St,22,6,78.5714,4.0
1002,2005,1428,25,21,24,24,27,19,6,Utah,25,5,83.3333,2.0
1008,2005,1153,21,25,22,23,24,25,7,Cincinnati,24,7,77.4194,1.0
1014,2005,1390,42,49,39,49,38,38,8,Stanford,18,12,60.0,0.0
1020,2005,1280,29,34,37,32,34,41,9,Mississippi St,22,10,68.75,1.0
1026,2005,1234,27,27,31,26,28,27,10,Iowa,21,11,65.625,0.0
1032,2005,1431,53,45,36,52,51,62,11,UTEP,25,7,78.125,0.0
1038,2005,1330,44,37,41,53,77,70,12,Old Dominion,27,5,84.375,0.0
1044,2005,1436,32,39,52,43,107,73,13,Vermont,24,6,80.0,1.0
1050,2005,1310,111,115,124,127,120,117,14,Niagara,20,9,68.9655,0.0
1056,2005,1184,122,112,132,144,174,148,15,E Kentucky,19,8,70.3704,0.0
1062,2005,1175,172,186,162,210,210,199,16,Delaware St,19,13,59.375,0.0
1068,2005,1314,2,2,2,2,1,2,1,North Carolina,27,4,87.0968,6.0
1074,2005,1163,14,18,15,13,7,6,2,Connecticut,22,7,75.8621,1.0
1080,2005,1242,7,8,4,9,19,12,3,Kansas,23,6,79.3103,0.0
1086,2005,1196,15,20,19,14,4,11,4,Florida,23,7,76.6667,1.0
1092,2005,1437,17,22,16,17,15,8,5,Villanova,22,7,75.8621,2.0
1098,2005,1458,20,19,17,19,20,20,6,Wisconsin,22,8,73.3333,3.0
1104,2005,1150,34,38,33,46,55,49,7,Charlotte,21,7,75.0,0.0
1110,2005,1278,36,32,32,37,47,31,8,Minnesota,21,10,67.7419,0.0
1116,2005,1235,57,43,51,50,40,45,9,Iowa St,18,11,62.069,1.0
1122,2005,1301,31,36,50,28,13,24,10,NC State,19,13,59.375,2.0
1128,2005,1320,51,53,44,42,81,50,11,Northern Iowa,20,10,66.6667,0.0
1134,2005,1307,48,33,43,39,35,28,12,New Mexico,25,6,80.6452,0.0
1140,2005,1325,70,70,64,75,102,86,13,Ohio,21,10,67.7419,0.0
1146,2005,1137,97,87,102,114,151,110,14,Bucknell,22,9,70.9677,1.0
1152,2005,1416,142,151,119,169,184,186,15,UCF,21,8,72.4138,0.0
1158,2005,1105,247,280,243,287,279,268,16,Alabama A&M,16,13,55.1724,0.0
1164,2005,1324,192,194,206,186,176,173,16,Oakland,11,18,37.931,1.0
1170,2006,1181,1,1,1,1,3,1,1,Duke,30,3,90.9091,2.0
1176,2006,1400,4,6,8,4,5,6,2,Texas,27,6,81.8182,3.0
1182,2006,1234,13,15,12,15,13,14,3,Iowa,25,8,75.7576,0.0
1188,2006,1261,12,19,15,12,17,13,4,LSU,22,8,73.3333,4.0
1194,2006,1393,32,22,21,26,30,52,5,Syracuse,23,11,67.6471,0.0
1200,2006,1452,24,24,29,21,21,18,6,West Virginia,19,10,65.5172,2.0
1206,2006,1143,51,40,47,51,46,50,7,California,20,10,66.6667,0.0
1212,2006,1203,16,9,17,22,42,31,8,G Washington,26,2,92.8571,1.0
1218,2006,1423,29,41,44,48,71,40,9,UNC Wilmington,25,7,78.125,0.0
1224,2006,1301,36,30,36,24,28,25,10,NC State,21,9,70.0,1.0
1230,2006,1356,44,46,30,45,53,48,11,S Illinois,22,9,70.9677,0.0
1236,2006,1401,39,26,34,39,19,33,12,Texas A&M,21,8,72.4138,1.0
1242,2006,1233,46,59,56,61,85,61,13,Iona,23,7,76.6667,0.0
1248,2006,1322,85,65,73,87,122,74,14,Northwestern LA,22,7,75.8621,1.0
1254,2006,1335,94,105,93,97,119,103,15,Penn,19,8,70.3704,0.0
1260,2006,1380,160,186,171,205,232,175,16,Southern Univ,19,12,61.2903,0.0
1266,2006,1272,5,4,4,5,10,7,1,Memphis,30,3,90.9091,3.0
1272,2006,1417,14,10,7,13,7,12,2,UCLA,27,6,81.8182,5.0
1278,2006,1211,17,5,6,18,39,27,3,Gonzaga,27,3,90.0,2.0
1284,2006,1242,10,16,16,11,4,4,4,Kansas,24,7,77.4194,0.0
1290,2006,1338,11,13,10,10,11,8,5,Pittsburgh,24,7,77.4194,1.0
1296,2006,1231,30,37,38,25,33,41,6,Indiana,18,11,62.069,1.0
1302,2006,1266,35,35,32,31,29,22,7,Marquette,19,10,65.5172,0.0
1308,2006,1116,22,28,28,19,16,16,8,Arkansas,22,9,70.9677,0.0
1314,2006,1137,41,23,43,43,91,42,9,Bucknell,25,4,86.2069,1.0
1320,2006,1104,61,61,54,57,45,71,10,Alabama,17,12,58.6207,1.0
1326,2006,1361,63,52,51,62,51,51,11,San Diego St,22,8,73.3333,0.0
1332,2006,1245,50,64,55,65,62,59,12,Kent,24,8,75.0,0.0
1338,2006,1133,33,51,46,37,47,32,13,Bradley,20,10,66.6667,2.0
1344,2006,1462,65,57,64,59,59,67,14,Xavier,21,10,67.7419,0.0
1350,2006,1125,147,167,154,182,150,143,15,Belmont,20,10,66.6667,0.0
1356,2006,1331,111,119,128,121,109,128,16,Oral Roberts,20,11,64.5161,0.0
1362,2006,1437,3,3,2,3,6,3,1,Villanova,25,4,86.2069,3.0
1368,2006,1326,6,7,5,8,12,9,2,Ohio St,25,5,83.3333,1.0
1374,2006,1196,7,8,13,6,8,5,3,Florida,27,6,81.8182,6.0
1380,2006,1130,18,12,18,17,15,19,4,Boston College,25,7,78.125,2.0
1386,2006,1305,20,18,20,27,50,21,5,Nevada,26,5,83.871,0.0
1392,2006,1328,31,29,24,35,27,38,6,Oklahoma,20,8,71.4286,0.0
1398,2006,1207,19,21,27,16,20,17,7,Georgetown,21,9,70.0,2.0
1404,2006,1112,47,36,37,41,26,35,8,Arizona,19,12,61.2903,1.0
1410,2006,1458,34,50,31,36,40,34,9,Wisconsin,19,11,63.3333,0.0
1416,2006,1320,28,34,25,33,56,24,10,Northern Iowa,21,9,70.0,0.0
1422,2006,1454,57,73,61,66,57,68,11,WI Milwaukee,20,8,71.4286,1.0
1428,2006,1285,71,66,67,100,115,90,12,Montana,21,6,77.7778,1.0
1434,2006,1334,82,78,79,79,74,89,13,Pacific,22,7,75.8621,0.0
1440,2006,1375,54,74,59,91,76,75,14,South Alabama,23,6,79.3103,0.0
1446,2006,1172,109,127,115,125,126,120,15,Davidson,17,10,62.963,0.0
1452,2006,1214,257,295,257,278,276,261,16,Hampton,16,15,51.6129,0.0
1458,2006,1284,164,158,170,177,190,194,16,Monmouth NJ,18,14,56.25,1.0
1464,2006,1163,2,2,3,2,2,2,1,Connecticut,27,3,90.0,3.0
1470,2006,1397,15,17,14,14,22,15,2,Tennessee,21,7,75.0,1.0
1476,2006,1314,8,14,11,9,1,10,3,North Carolina,22,7,75.8621,1.0
1482,2006,1228,9,11,9,7,9,11,4,Illinois,25,6,80.6452,1.0
1488,2006,1449,23,20,19,20,14,20,5,Washington,24,6,80.0,2.0
1494,2006,1277,26,27,23,29,18,23,6,Michigan St,21,11,65.625,0.0
1500,2006,1455,27,25,22,32,54,39,7,Wichita St,23,8,74.1935,2.0
1506,2006,1246,37,38,35,34,23,30,8,Kentucky,21,12,63.6364,1.0
1512,2006,1412,42,33,33,44,52,44,9,UAB,23,6,79.3103,0.0
1518,2006,1371,53,54,49,58,70,56,10,Seton Hall,18,11,62.069,0.0
1524,2006,1206,25,43,45,38,75,28,11,George Mason,23,7,76.6667,4.0
1530,2006,1429,56,58,53,67,87,66,12,Utah St,22,8,73.3333,0.0
1536,2006,1102,59,44,48,56,58,49,13,Air Force,22,6,78.5714,0.0
1542,2006,1293,69,88,66,92,108,93,14,Murray St,23,6,79.3103,0.0
1548,2006,1457,78,95,81,71,118,91,15,Winthrop,21,7,75.0,0.0
1554,2006,1107,120,139,134,154,153,137,16,SUNY Albany,21,10,67.7419,0.0
1560,2007,1314,1,3,3,1,1,1,1,North Carolina,28,6,82.3529,3.0
1566,2007,1207,6,8,10,8,4,6,2,Georgetown,26,6,81.25,4.0
1572,2007,1450,20,17,16,23,25,33,3,Washington St,25,7,78.125,1.0
1578,2007,1400,22,16,27,16,12,16,4,Texas,24,9,72.7273,1.0
1584,2007,1425,41,43,30,35,44,43,5,USC,23,11,67.6471,2.0
1590,2007,1435,55,50,47,54,45,51,6,Vanderbilt,19,11,63.3333,2.0
1596,2007,1130,43,37,36,34,37,42,7,Boston College,20,11,64.5161,1.0
1602,2007,1266,39,24,21,36,27,28,8,Marquette,23,9,71.875,0.0
1608,2007,1277,27,32,29,22,33,13,9,Michigan St,22,11,66.6667,1.0
1614,2007,1403,65,48,52,64,68,68,10,Texas Tech,21,12,63.6364,0.0
1620,2007,1203,69,68,66,71,78,82,11,G Washington,23,8,74.1935,0.0
1626,2007,1116,42,46,45,40,24,30,12,Arkansas,21,13,61.7647,0.0
1632,2007,1308,74,70,60,83,91,96,13,New Mexico St,24,8,75.0,0.0
1638,2007,1331,80,87,95,96,109,94,14,Oral Roberts,22,10,68.75,0.0
1644,2007,1125,105,129,120,126,129,132,15,Belmont,22,9,70.9677,0.0
1650,2007,1184,164,162,148,168,188,188,16,E Kentucky,19,11,63.3333,0.0
1656,2007,1326,2,1,1,2,6,4,1,Ohio St,30,3,90.9091,5.0
1662,2007,1272,8,6,9,7,7,9,2,Memphis,30,3,90.9091,3.0
1668,2007,1401,9,11,13,9,5,5,3,Texas A&M,25,6,80.6452,2.0
1674,2007,1438,54,39,46,39,49,48,4,Virginia,19,10,65.5172,1.0
1680,2007,1397,24,23,20,24,34,39,5,Tennessee,22,10,68.75,2.0
1686,2007,1257,31,29,24,33,9,15,6,Louisville,22,9,70.9677,1.0
1692,2007,1305,21,19,17,31,57,63,7,Nevada,27,4,87.0968,1.0
1698,2007,1140,32,42,25,44,43,55,8,BYU,24,8,75.0,0.0
1704,2007,1462,29,55,33,41,22,34,9,Xavier,24,8,75.0,1.0
1710,2007,1166,19,36,26,30,21,32,10,Creighton,22,10,68.75,0.0
1716,2007,1390,62,63,55,53,47,53,11,Stanford,18,12,60.0,0.0
1722,2007,1253,86,81,78,91,95,131,12,Long Beach St,23,7,76.6667,0.0
1728,2007,1107,103,102,107,124,136,150,13,SUNY Albany,23,9,71.875,0.0
1734,2007,1335,91,89,90,110,104,102,14,Penn,21,8,72.4138,0.0
1740,2007,1317,140,155,133,143,164,185,15,North Texas,20,10,66.6667,0.0
1746,2007,1148,161,160,154,193,151,174,16,Central Conn,22,11,66.6667,0.0
1752,2007,1196,3,5,6,3,3,3,1,Florida,29,5,85.2941,6.0
1758,2007,1458,7,2,4,5,10,7,2,Wisconsin,29,5,85.2941,1.0
1764,2007,1332,14,14,12,15,13,21,3,Oregon,26,7,78.7879,3.0
1770,2007,1268,12,13,18,11,8,11,4,Maryland,24,8,75.0,1.0
1776,2007,1139,36,31,22,21,66,27,5,Butler,25,6,80.6452,2.0
1782,2007,1323,18,18,28,14,14,17,6,Notre Dame,24,7,77.4194,0.0
1788,2007,1424,23,22,11,29,35,52,7,UNLV,27,6,81.8182,2.0
1794,2007,1112,15,25,14,12,32,23,8,Arizona,20,10,66.6667,0.0
1800,2007,1345,37,38,43,32,38,22,9,Purdue,21,11,65.625,1.0
1806,2007,1210,30,30,42,19,18,14,10,Georgia Tech,20,11,64.5161,0.0
1812,2007,1457,38,12,68,37,82,71,11,Winthrop,24,4,85.7143,1.0
1818,2007,1330,56,57,54,68,67,69,12,Old Dominion,24,8,75.0,0.0
1824,2007,1172,25,26,38,55,69,74,13,Davidson,27,4,87.0968,0.0
1830,2007,1275,96,104,111,99,89,93,14,Miami OH,18,14,56.25,0.0
1836,2007,1394,72,72,82,86,119,129,15,TAM C. Christi,24,6,80.0,0.0
1842,2007,1238,196,225,178,232,273,292,16,Jackson St,20,13,60.6061,0.0
1848,2007,1242,4,4,5,4,2,2,1,Kansas,30,4,88.2353,3.0
1854,2007,1417,5,7,2,6,11,8,2,UCLA,25,5,83.3333,4.0
1860,2007,1338,11,10,7,10,15,12,3,Pittsburgh,27,7,79.4118,2.0
1866,2007,1356,10,9,8,17,29,35,4,S Illinois,26,6,81.25,2.0
1872,2007,1439,33,35,41,25,31,26,5,Virginia Tech,20,11,64.5161,1.0
1878,2007,1181,13,15,15,13,17,10,6,Duke,22,10,68.75,0.0
1884,2007,1231,28,27,37,28,30,20,7,Indiana,20,10,66.6667,1.0
1890,2007,1246,16,21,19,18,20,18,8,Kentucky,21,11,65.625,1.0
1896,2007,1437,17,20,23,20,16,19,9,Villanova,21,10,67.7419,0.0
1902,2007,1211,52,53,56,46,41,54,10,Gonzaga,23,10,69.697,0.0
1908,2007,1433,34,44,39,58,74,72,11,VCU,27,6,81.8182,1.0
1914,2007,1228,40,34,31,45,40,24,12,Illinois,23,11,67.6471,0.0
1920,2007,1221,73,79,77,93,93,100,13,Holy Cross,25,8,75.7576,0.0
1926,2007,1460,79,83,76,88,87,97,14,Wright St,23,9,71.875,0.0
1932,2007,1451,150,140,143,153,184,184,15,Weber St,17,11,60.7143,0.0
1938,2007,1197,204,208,180,231,248,256,16,Florida A&M,18,13,58.0645,0.0
1944,2007,1310,152,138,142,162,143,169,16,Niagara,22,11,66.6667,1.0
1950,2008,1314,1,1,1,1,2,5,1,North Carolina,32,2,94.1176,4.0
1956,2008,1397,6,5,4,7,10,14,2,Tennessee,28,4,87.5,2.0
1962,2008,1257,12,21,13,13,9,9,3,Louisville,24,8,75.0,3.0
1968,2008,1450,15,13,22,12,15,11,4,Washington St,24,8,75.0,2.0
1974,2008,1323,24,18,21,23,21,27,5,Notre Dame,24,7,77.4194,1.0
1980,2008,1328,36,30,33,33,46,36,6,Oklahoma,22,11,66.6667,1.0
1986,2008,1139,13,12,10,24,41,32,7,Butler,29,3,90.625,1.0
1992,2008,1231,22,17,16,21,33,19,8,Indiana,25,7,78.125,0.0
1998,2008,1116,40,44,34,39,28,40,9,Arkansas,22,11,66.6667,1.0
2004,2008,1375,55,55,40,55,86,75,10,South Alabama,25,6,80.6452,0.0
2010,2008,1386,37,58,54,51,58,55,11,St Joseph's PA,21,12,63.6364,0.0
2016,2008,1206,72,90,71,87,98,93,12,George Mason,23,10,69.697,0.0
2022,2008,1457,106,103,119,107,121,109,13,Winthrop,20,11,64.5161,0.0
2028,2008,1129,93,88,77,106,114,131,14,Boise St,24,8,75.0,0.0
2034,2008,1110,126,139,128,155,164,159,15,American Univ,21,11,65.625,0.0
2040,2008,1164,254,288,249,288,287,309,16,Coppin St,14,20,41.1765,0.0
2046,2008,1291,170,184,174,178,161,169,16,Mt St Mary's,18,14,56.25,1.0
2052,2008,1242,3,3,5,2,1,1,1,Kansas,30,3,90.9091,6.0
2058,2008,1207,8,9,8,8,5,8,2,Georgetown,27,5,84.375,1.0
2064,2008,1458,7,6,7,6,8,4,3,Wisconsin,29,4,87.8788,2.0
2070,2008,1435,31,23,15,34,32,48,4,Vanderbilt,26,7,78.7879,0.0
2076,2008,1155,16,19,19,17,11,13,5,Clemson,23,9,71.875,0.0
2082,2008,1425,25,26,28,22,20,20,6,USC,21,11,65.625,0.0
2088,2008,1211,26,28,31,25,31,28,7,Gonzaga,25,7,78.125,0.0
2094,2008,1424,43,36,25,45,61,53,8,UNLV,25,7,78.125,1.0
2100,2008,1245,27,31,24,41,60,66,9,Kent,28,6,82.3529,0.0
2106,2008,1172,19,32,37,26,27,33,10,Davidson,25,6,80.6452,3.0
2112,2008,1243,49,38,49,32,23,15,11,Kansas St,19,11,63.3333,1.0
2118,2008,1437,53,45,47,53,35,51,12,Villanova,20,12,62.5,2.0
2124,2008,1373,83,99,84,97,99,113,13,Siena,22,10,68.75,1.0
2130,2008,1168,73,86,81,83,93,110,14,CS Fullerton,23,8,74.1935,0.0
2136,2008,1420,107,102,109,124,158,145,15,UMBC,23,8,74.1935,0.0
2142,2008,1340,111,110,108,118,115,126,16,Portland St,21,9,70.0,0.0
2148,2008,1272,4,2,2,4,3,3,1,Memphis,33,1,97.0588,5.0
2154,2008,1400,9,8,9,9,7,7,2,Texas,27,6,81.8182,3.0
2160,2008,1390,14,10,14,10,12,10,3,Stanford,26,7,78.7879,2.0
2166,2008,1338,17,16,17,16,13,26,4,Pittsburgh,26,9,74.2857,1.0
2172,2008,1277,23,14,18,18,17,17,5,Michigan St,25,8,75.7576,2.0
2178,2008,1266,18,22,23,14,14,12,6,Marquette,23,9,71.875,1.0
2184,2008,1274,39,34,35,36,47,47,7,Miami FL,21,10,67.7419,1.0
2190,2008,1280,29,43,38,40,26,34,8,Mississippi St,22,10,68.75,1.0
2196,2008,1332,48,39,59,35,30,37,9,Oregon,18,13,58.0645,0.0
2202,2008,1388,30,33,36,31,62,46,10,St Mary's CA,24,6,80.0,0.0
2208,2008,1246,67,66,57,60,40,61,11,Kentucky,18,12,60.0,0.0
2214,2008,1396,44,64,51,64,66,65,12,Temple,21,12,63.6364,0.0
2220,2008,1331,56,60,65,72,89,79,13,Oral Roberts,23,8,74.1935,0.0
2226,2008,1165,76,80,75,105,131,132,14,Cornell,21,5,80.7692,0.0
2232,2008,1122,128,135,124,152,135,170,15,Austin Peay,24,10,70.5882,0.0
2238,2008,1426,163,161,151,168,199,186,16,UT Arlington,17,11,60.7143,0.0
2244,2008,1417,2,4,3,3,4,2,1,UCLA,30,3,90.9091,4.0
2250,2008,1181,5,7,6,5,6,6,2,Duke,27,5,84.375,1.0
2256,2008,1462,11,15,12,11,22,18,3,Xavier,27,6,81.8182,3.0
2262,2008,1163,20,20,20,20,16,21,4,Connecticut,24,8,75.0,0.0
2268,2008,1179,10,11,11,15,34,24,5,Drake,26,4,86.6667,0.0
2274,2008,1345,32,24,27,29,25,25,6,Purdue,24,8,75.0,1.0
2280,2008,1452,21,27,26,19,18,23,7,West Virginia,23,10,69.697,2.0
2286,2008,1140,28,29,30,30,42,44,8,BYU,27,7,79.4118,0.0
2292,2008,1401,34,25,29,27,19,16,9,Texas A&M,23,10,69.697,1.0
2298,2008,1112,35,35,48,28,24,22,10,Arizona,18,14,56.25,0.0
2304,2008,1124,41,37,42,38,43,39,11,Baylor,20,10,66.6667,0.0
2310,2008,1443,38,46,41,46,65,64,12,WKU,25,6,80.6452,2.0
2316,2008,1360,120,105,104,112,100,117,13,San Diego,20,13,60.6061,1.0
2322,2008,1208,112,85,100,91,57,81,14,Georgia,16,16,50.0,0.0
2328,2008,1125,92,115,90,134,160,160,15,Belmont,24,8,75.0,0.0
2334,2008,1290,277,291,240,304,301,318,16,MS Valley St,15,15,50.0,0.0
2340,2009,1338,3,2,1,2,4,6,1,Pittsburgh,27,4,87.0968,3.0
2346,2009,1181,5,5,3,4,6,7,2,Duke,28,6,82.3529,2.0
2352,2009,1437,13,10,9,16,13,19,3,Villanova,26,7,78.7879,4.0
2358,2009,1462,19,22,19,24,26,24,4,Xavier,25,7,78.125,2.0
2364,2009,1199,22,17,15,27,23,35,5,Florida St,25,9,73.5294,0.0
2370,2009,1417,17,18,18,17,10,9,6,UCLA,25,8,75.7576,1.0
2376,2009,1400,30,33,38,29,30,28,7,Texas,22,11,66.6667,1.0
2382,2009,1329,27,31,32,30,28,33,8,Oklahoma St,22,11,66.6667,1.0
2388,2009,1397,32,39,39,36,21,32,9,Tennessee,21,12,63.6364,0.0
2394,2009,1278,37,34,31,32,55,45,10,Minnesota,21,10,67.7419,0.0
2400,2009,1433,54,81,69,76,64,55,11,VCU,24,9,72.7273,0.0
2406,2009,1458,35,48,43,31,25,30,12,Wisconsin,19,12,61.2903,1.0
2412,2009,1340,128,105,113,102,165,117,13,Portland St,22,9,70.9677,0.0
2418,2009,1110,94,89,90,112,107,109,14,American Univ,24,7,77.4194,0.0
2424,2009,1127,115,115,101,158,168,162,15,Binghamton,22,8,73.3333,0.0
2430,2009,1190,101,132,128,133,134,113,16,ETSU,22,10,68.75,0.0
2436,2009,1314,1,1,2,1,2,2,1,North Carolina,27,4,87.0968,6.0
2442,2009,1328,8,8,8,9,20,17,2,Oklahoma,27,5,84.375,3.0
2448,2009,1393,14,9,12,13,7,15,3,Syracuse,25,9,73.5294,2.0
2454,2009,1211,10,13,20,8,9,5,4,Gonzaga,25,5,83.3333,2.0
2460,2009,1228,21,20,17,21,27,23,5,Illinois,24,9,72.7273,0.0
2466,2009,1113,23,14,24,20,14,12,6,Arizona St,24,9,72.7273,1.0
2472,2009,1155,20,24,23,19,22,22,7,Clemson,23,8,74.1935,0.0
2478,2009,1261,36,23,30,40,37,46,8,LSU,26,7,78.7879,1.0
2484,2009,1139,26,30,21,33,57,43,9,Butler,25,5,83.3333,0.0
2490,2009,1276,46,41,45,35,47,49,10,Michigan,19,13,59.375,1.0
2496,2009,1396,33,56,50,52,50,47,11,Temple,22,11,66.6667,0.0
2502,2009,1443,78,82,67,87,93,99,12,WKU,23,8,74.1935,1.0
2508,2009,1103,92,107,110,101,92,91,13,Akron,22,12,64.7059,0.0
2514,2009,1372,82,87,94,95,138,93,14,SF Austin,20,7,74.0741,0.0
2520,2009,1288,119,162,136,144,182,139,15,Morgan St,22,11,66.6667,0.0
2526,2009,1347,107,147,137,164,162,170,16,Radford,18,11,62.069,0.0
2532,2009,1257,6,6,5,5,1,4,1,Louisville,28,5,84.8485,3.0
2538,2009,1277,7,7,7,7,18,13,2,Michigan St,26,6,81.25,5.0
2544,2009,1242,12,15,11,15,11,11,3,Kansas,25,7,78.125,2.0
2550,2009,1448,9,11,13,12,19,21,4,Wake Forest,24,6,80.0,0.0
2556,2009,1428,29,32,22,26,43,25,5,Utah,24,8,75.0,0.0
2562,2009,1452,15,19,26,14,8,8,6,West Virginia,23,11,67.6471,0.0
2568,2009,1130,52,43,44,47,48,59,7,Boston College,22,11,66.6667,0.0
2574,2009,1326,28,26,25,25,35,36,8,Ohio St,22,10,68.75,0.0
2580,2009,1373,34,45,33,58,62,65,9,Siena,26,7,78.7879,1.0
2586,2009,1425,38,35,40,34,24,27,10,USC,21,12,63.6364,1.0
2592,2009,1173,53,40,34,64,86,83,11,Dayton,26,7,78.7879,1.0
2598,2009,1112,50,42,53,43,38,39,12,Arizona,19,13,59.375,2.0
2604,2009,1156,55,61,66,67,77,68,13,Cleveland St,22,10,68.75,1.0
2610,2009,1295,66,64,86,79,87,71,14,N Dakota St,24,6,80.0,0.0
2616,2009,1352,123,130,118,137,129,122,15,Robert Morris,24,10,70.5882,0.0
2622,2009,1106,175,196,168,210,232,195,16,Alabama St,20,9,68.9655,0.0
2628,2009,1287,164,177,186,187,170,167,16,Morehead St,17,15,53.125,1.0
2634,2009,1163,2,3,4,3,5,3,1,Connecticut,27,4,87.0968,4.0
2640,2009,1272,4,4,6,6,3,1,2,Memphis,31,3,91.1765,2.0
2646,2009,1281,11,12,10,10,12,10,3,Missouri,28,6,82.3529,3.0
2652,2009,1449,18,16,14,18,16,16,4,Washington,25,8,75.7576,1.0
2658,2009,1345,16,25,16,11,17,14,5,Purdue,25,9,73.5294,2.0
2664,2009,1266,24,21,27,22,15,20,6,Marquette,24,9,72.7273,1.0
2670,2009,1143,31,29,36,28,45,29,7,California,22,10,68.75,0.0
2676,2009,1140,25,27,29,23,33,18,8,BYU,24,7,77.4194,0.0
2682,2009,1401,42,36,35,46,42,52,9,Texas A&M,23,9,71.875,1.0
2688,2009,1268,43,44,46,44,40,54,10,Maryland,20,13,60.6061,1.0
2694,2009,1429,40,28,28,41,90,56,11,Utah St,29,4,87.8788,0.0
2700,2009,1320,70,75,56,82,79,82,12,Northern Iowa,23,10,69.697,0.0
2706,2009,1280,61,77,57,70,29,60,13,Mississippi St,22,12,64.7059,0.0
2712,2009,1165,117,124,124,118,98,100,14,Cornell,20,9,68.9655,0.0
2718,2009,1169,145,150,151,122,127,104,15,CS Northridge,16,13,55.1724,0.0
2724,2009,1151,173,200,181,208,176,213,16,Chattanooga,16,16,50.0,0.0
2730,2010,1246,3,2,2,4,4,6,1,Kentucky,32,2,94.1176,3.0
2736,2010,1452,5,5,4,5,9,8,2,West Virginia,27,6,81.8182,4.0
2742,2010,1307,19,11,8,23,59,47,3,New Mexico,29,4,87.8788,1.0
2748,2010,1458,17,18,22,14,5,3,4,Wisconsin,23,8,74.1935,1.0
2754,2010,1396,8,13,7,16,35,18,5,Temple,29,5,85.2941,0.0
2760,2010,1266,25,31,36,24,32,28,6,Marquette,22,11,66.6667,0.0
2766,2010,1155,31,33,39,28,22,16,7,Clemson,21,10,67.7419,0.0
2772,2010,1400,24,21,24,13,30,17,8,Texas,24,9,72.7273,0.0
2778,2010,1448,50,39,46,45,58,50,9,Wake Forest,19,10,65.5172,1.0
2784,2010,1281,34,38,42,21,28,21,10,Missouri,22,10,68.75,1.0
2790,2010,1449,43,41,30,42,12,29,11,Washington,24,9,72.7273,2.0
2796,2010,1165,47,37,49,52,70,66,12,Cornell,25,4,86.2069,2.0
2802,2010,1459,64,76,67,82,98,87,13,Wofford,25,8,75.7576,0.0
2808,2010,1285,100,108,99,102,135,105,14,Montana,20,9,68.9655,0.0
2814,2010,1288,110,119,117,144,181,149,15,Morgan St,27,9,75.0,0.0
2820,2010,1190,151,163,161,156,184,142,16,ETSU,19,14,57.5758,0.0
2826,2010,1181,2,3,5,2,2,1,1,Duke,29,5,85.2941,6.0
2832,2010,1437,6,9,10,7,16,15,2,Villanova,24,7,77.4194,1.0
2838,2010,1124,13,10,13,8,11,12,3,Baylor,24,7,77.4194,3.0
2844,2010,1345,11,6,9,10,17,13,4,Purdue,27,5,84.375,2.0
2850,2010,1401,20,15,20,17,19,23,5,Texas A&M,22,9,70.9677,1.0
2856,2010,1323,36,44,34,39,21,38,6,Notre Dame,23,11,67.6471,0.0
2862,2010,1350,26,29,25,41,53,48,7,Richmond,26,8,76.4706,0.0
2868,2010,1143,23,36,29,29,15,14,8,California,23,10,69.697,1.0
2874,2010,1257,39,50,37,37,33,39,9,Louisville,20,12,62.5,0.0
2880,2010,1388,29,30,27,30,49,43,10,St Mary's CA,25,5,83.3333,2.0
2886,2010,1330,33,43,40,43,47,33,11,Old Dominion,26,8,76.4706,1.0
2892,2010,1429,30,55,41,40,26,20,12,Utah St,26,7,78.7879,0.0
2898,2010,1373,38,45,44,53,65,58,13,Siena,27,6,81.8182,0.0
2904,2010,1358,78,95,89,106,112,102,14,Sam Houston St,21,7,75.0,0.0
2910,2010,1352,162,158,148,188,158,188,15,Robert Morris,23,11,67.6471,0.0
2916,2010,1115,210,234,215,239,269,238,16,Ark Pine Bluff,17,15,53.125,1.0
2922,2010,1457,182,205,178,210,199,212,16,Winthrop,17,13,56.6667,0.0
2928,2010,1242,1,1,1,1,1,2,1,Kansas,32,2,94.1176,1.0
2934,2010,1326,10,8,18,12,3,4,2,Ohio St,27,7,79.4118,2.0
2940,2010,1207,9,16,12,11,7,11,3,Georgetown,23,10,69.697,0.0
2946,2010,1268,14,19,23,15,10,10,4,Maryland,22,8,73.3333,1.0
2952,2010,1277,28,20,26,25,18,24,5,Michigan St,24,8,75.0,4.0
2958,2010,1397,22,17,16,19,27,35,6,Tennessee,25,8,75.7576,3.0
2964,2010,1329,44,32,35,36,37,44,7,Oklahoma St,22,10,68.75,0.0
2970,2010,1424,45,42,33,44,43,37,8,UNLV,24,8,75.0,0.0
2976,2010,1320,21,25,15,31,41,32,9,Northern Iowa,28,4,87.5,2.0
2982,2010,1210,40,34,47,32,31,27,10,Georgia Tech,21,12,63.6364,1.0
2988,2010,1361,32,40,32,38,48,40,11,San Diego St,23,8,74.1935,0.0
2994,2010,1308,80,74,75,98,99,115,12,New Mexico St,21,11,65.625,0.0
3000,2010,1222,106,102,119,100,74,85,13,Houston,18,15,54.5455,0.0
3006,2010,1325,91,126,106,112,101,100,14,Ohio,20,14,58.8235,1.0
3012,2010,1364,109,112,97,126,156,152,15,UC Santa Barbara,19,9,67.8571,0.0
3018,2010,1250,171,187,166,204,149,180,16,Lehigh,22,10,68.75,0.0
3024,2010,1393,4,4,3,3,6,5,1,Syracuse,28,4,87.5,2.0
3030,2010,1243,7,7,6,6,8,9,2,Kansas St,25,7,78.125,3.0
3036,2010,1338,18,22,14,20,20,30,3,Pittsburgh,24,8,75.0,1.0
3042,2010,1435,27,24,19,27,29,36,4,Vanderbilt,23,8,74.1935,0.0
3048,2010,1139,15,12,11,22,24,26,5,Butler,28,4,87.5,5.0
3054,2010,1462,16,28,21,18,23,22,6,Xavier,24,8,75.0,2.0
3060,2010,1140,12,14,17,9,14,7,7,BYU,28,5,84.8485,1.0
3066,2010,1211,41,27,28,35,60,56,8,Gonzaga,25,6,80.6452,1.0
3072,2010,1199,35,23,38,26,25,19,9,Florida St,22,9,70.9677,0.0
3078,2010,1196,55,56,54,48,40,49,10,Florida,21,12,63.6364,0.0
3084,2010,1278,51,46,62,46,13,25,11,Minnesota,21,13,61.7647,0.0
3090,2010,1431,37,35,31,33,38,34,12,UTEP,26,6,81.25,0.0
3096,2010,1293,46,48,59,61,75,57,13,Murray St,28,4,87.5,1.0
3102,2010,1324,71,75,72,103,117,141,14,Oakland,24,8,75.0,0.0
3108,2010,1317,134,121,110,154,157,169,15,North Texas,22,8,73.3333,0.0
3114,2010,1436,113,129,128,145,115,129,16,Vermont,25,9,73.5294,0.0
3120,2011,1326,1,1,2,1,1,1,1,Ohio St,32,2,94.1176,2.0
3126,2011,1314,9,9,8,15,12,14,2,North Carolina,26,7,78.7879,3.0
3132,2011,1393,12,12,9,10,5,11,3,Syracuse,26,7,78.7879,1.0
3138,2011,1246,10,16,14,12,6,7,4,Kentucky,25,8,75.7576,4.0
3144,2011,1452,18,21,23,19,18,21,5,West Virginia,20,11,64.5161,1.0
3150,2011,1462,26,28,22,35,23,37,6,Xavier,24,7,77.4194,0.0
3156,2011,1449,29,29,33,26,15,15,7,Washington,23,10,69.697,1.0
3162,2011,1206,21,40,26,31,46,26,8,George Mason,26,6,81.25,1.0
3168,2011,1437,31,33,32,24,41,28,9,Villanova,21,11,65.625,0.0
3174,2011,1208,58,48,42,52,56,57,10,Georgia,21,11,65.625,0.0
3180,2011,1266,33,43,58,29,34,33,11,Marquette,20,14,58.8235,2.0
3186,2011,1155,37,44,51,42,21,24,12,Clemson,21,11,65.625,1.0
3192,2011,1412,50,51,37,53,67,56,12,UAB,22,8,73.3333,0.0
3198,2011,1343,48,59,48,76,117,87,13,Princeton,24,6,80.0,0.0
3204,2011,1232,102,104,99,112,94,109,14,Indiana St,19,13,59.375,0.0
3210,2011,1254,60,75,64,98,143,121,15,LIU Brooklyn,27,5,84.375,0.0
3216,2011,1106,271,300,266,308,290,295,16,Alabama St,15,17,46.875,0.0
3222,2011,1427,204,193,204,219,222,219,16,UT San Antonio,16,13,55.1724,1.0
3228,2011,1181,3,4,4,3,2,2,1,Duke,30,4,88.2353,2.0
3234,2011,1361,5,3,3,4,11,6,2,San Diego St,30,2,93.75,2.0
3240,2011,1163,13,10,11,14,14,17,3,Connecticut,26,9,74.2857,6.0
3246,2011,1400,11,11,12,7,8,4,4,Texas,27,7,79.4118,1.0
3252,2011,1112,23,15,19,22,33,25,5,Arizona,27,7,79.4118,3.0
3258,2011,1153,17,20,21,17,19,23,6,Cincinnati,25,8,75.7576,1.0
3264,2011,1396,30,25,27,32,45,38,7,Temple,25,7,78.125,1.0
3270,2011,1276,45,37,40,38,25,40,8,Michigan,19,13,59.375,1.0
3276,2011,1397,53,57,46,51,58,55,9,Tennessee,19,14,57.5758,0.0
3282,2011,1336,42,39,39,45,27,39,10,Penn St,19,14,57.5758,0.0
3288,2011,1281,41,32,35,28,29,34,11,Missouri,22,10,68.75,0.0
3294,2011,1272,67,46,34,67,91,85,12,Memphis,25,9,73.5294,0.0
3300,2011,1324,43,50,77,56,75,69,13,Oakland,24,9,72.7273,0.0
3306,2011,1137,68,85,86,88,109,90,14,Bucknell,25,8,75.7576,0.0
3312,2011,1294,107,120,130,125,150,122,15,N Colorado,19,10,65.5172,0.0
3318,2011,1214,150,167,129,178,221,211,16,Hampton,23,8,74.1935,0.0
3324,2011,1338,4,6,5,5,4,5,1,Pittsburgh,27,5,84.375,1.0
3330,2011,1196,16,17,10,18,16,19,2,Florida,26,7,78.7879,3.0
3336,2011,1140,7,7,6,6,17,13,3,BYU,29,4,87.8788,2.0
3342,2011,1458,15,13,17,11,13,9,4,Wisconsin,23,8,74.1935,2.0
3348,2011,1243,34,24,31,25,22,29,5,Kansas St,21,10,67.7419,1.0
3354,2011,1385,28,26,25,23,24,35,6,St John's,21,11,65.625,0.0
3360,2011,1417,49,38,36,47,50,53,7,UCLA,22,10,68.75,1.0
3366,2011,1139,38,58,41,46,48,54,8,Butler,22,9,70.9677,5.0
3372,2011,1330,24,27,18,39,52,52,9,Old Dominion,27,6,81.8182,0.0
3378,2011,1277,47,30,47,37,30,41,10,Michigan St,18,14,56.25,0.0
3384,2011,1211,40,45,54,41,26,27,11,Gonzaga,23,9,71.875,1.0
3390,2011,1429,20,14,20,21,35,16,12,Utah St,29,3,90.625,0.0
3396,2011,1125,22,34,43,34,43,18,13,Belmont,30,4,88.2353,0.0
3402,2011,1459,91,109,107,97,78,86,14,Wofford,21,12,63.6364,0.0
3408,2011,1364,152,139,167,144,135,125,15,UC Santa Barbara,16,13,55.1724,0.0
3414,2011,1114,210,187,185,207,196,210,16,Ark Little Rock,17,16,51.5152,0.0
3420,2011,1421,127,175,160,155,151,143,16,UNC Asheville,16,13,55.1724,1.0
3426,2011,1242,2,2,1,2,3,3,1,Kansas,32,2,94.1176,3.0
3432,2011,1323,6,5,7,8,7,10,2,Notre Dame,26,6,81.25,1.0
3438,2011,1345,8,8,13,9,10,8,3,Purdue,25,7,78.125,1.0
3444,2011,1257,14,18,15,13,9,12,4,Louisville,25,9,73.5294,0.0
3450,2011,1435,32,31,28,30,31,32,5,Vanderbilt,23,10,69.697,0.0
3456,2011,1207,19,19,16,16,42,31,6,Georgetown,21,10,67.7419,0.0
3462,2011,1401,36,22,29,33,36,45,7,Texas A&M,23,8,74.1935,0.0
3468,2011,1424,25,23,24,20,32,22,8,UNLV,24,8,75.0,0.0
3474,2011,1228,35,36,44,27,20,20,9,Illinois,19,13,59.375,1.0
3480,2011,1199,39,42,45,44,37,42,10,Florida St,21,10,67.7419,2.0
3486,2011,1425,59,62,75,62,44,44,11,USC,19,14,57.5758,0.0
3492,2011,1433,55,72,59,77,80,84,11,VCU,23,11,67.6471,5.0
3498,2011,1350,27,35,30,36,38,46,12,Richmond,27,7,79.4118,2.0
3504,2011,1287,87,99,103,108,106,95,13,Morehead St,22,9,70.9677,1.0
3510,2011,1389,98,116,118,128,102,110,14,St Peter's,20,13,60.6061,0.0
3516,2011,1103,111,123,105,127,110,123,15,Akron,22,12,64.7059,0.0
3522,2011,1131,135,164,137,166,152,169,16,Boston Univ,21,13,61.7647,0.0
3528,2012,1393,5,2,1,5,6,8,1,Syracuse,31,2,93.9394,3.0
3534,2012,1326,2,7,8,2,1,2,2,Ohio St,27,7,79.4118,4.0
3540,2012,1199,19,19,15,21,15,21,3,Florida St,24,9,72.7273,1.0
3546,2012,1458,12,14,19,8,12,6,4,Wisconsin,24,9,72.7273,2.0
3552,2012,1435,15,23,21,20,11,16,5,Vanderbilt,24,10,70.5882,1.0
3558,2012,1153,30,35,32,34,21,31,6,Cincinnati,24,10,70.5882,2.0
3564,2012,1211,28,28,24,30,24,32,7,Gonzaga,25,6,80.6452,1.0
3570,2012,1243,22,29,36,22,23,22,8,Kansas St,21,10,67.7419,1.0
3576,2012,1379,65,38,30,57,95,74,9,Southern Miss,23,8,74.1935,0.0
3582,2012,1452,37,56,47,38,32,42,10,West Virginia,19,13,59.375,0.0
3588,2012,1400,32,41,48,27,43,28,11,Texas,20,13,60.6061,0.0
3594,2012,1217,47,32,33,43,73,39,12,Harvard,25,4,86.2069,0.0
3600,2012,1285,101,84,79,97,103,94,13,Montana,23,6,79.3103,0.0
3606,2012,1382,59,73,75,61,51,51,14,St Bonaventure,20,11,64.5161,0.0
3612,2012,1259,127,86,89,133,132,128,15,Loyola MD,24,8,75.0,0.0
3618,2012,1421,107,110,115,125,93,121,16,UNC Asheville,21,9,70.0,0.0
3624,2012,1314,4,4,3,6,4,5,1,North Carolina,29,5,85.2941,3.0
3630,2012,1242,6,6,6,4,8,4,2,Kansas,27,6,81.8182,5.0
3636,2012,1207,18,18,18,14,27,12,3,Georgetown,22,8,73.3333,1.0
3642,2012,1276,24,10,16,23,20,25,4,Michigan,23,9,71.875,0.0
3648,2012,1396,29,20,22,36,42,34,5,Temple,24,7,77.4194,0.0
3654,2012,1361,45,22,25,46,57,54,6,San Diego St,24,7,77.4194,0.0
3660,2012,1388,38,25,29,35,44,44,7,St Mary's CA,25,5,83.3333,0.0
3666,2012,1166,21,16,13,25,35,35,8,Creighton,28,5,84.8485,1.0
3672,2012,1104,25,40,34,29,36,30,9,Alabama,21,11,65.625,0.0
3678,2012,1345,31,34,39,28,19,24,10,Purdue,21,12,63.6364,1.0
3684,2012,1301,41,48,42,45,31,43,11,NC State,22,12,64.7059,2.0
3690,2012,1143,33,39,41,31,38,27,12,California,24,9,72.7273,0.0
3696,2012,1378,51,60,59,70,47,66,12,South Florida,19,13,59.375,2.0
3702,2012,1325,62,50,53,72,78,71,13,Ohio,26,7,78.7879,2.0
3708,2012,1125,36,44,65,33,45,23,14,Belmont,26,7,78.7879,0.0
3714,2012,1178,116,124,118,119,82,115,15,Detroit,20,13,60.6061,0.0
3720,2012,1249,102,130,129,115,135,103,16,Lamar,21,11,65.625,0.0
3726,2012,1436,137,147,149,147,136,118,16,Vermont,23,11,67.6471,1.0
3732,2012,1246,1,1,2,1,3,1,1,Kentucky,32,2,94.1176,6.0
3738,2012,1181,9,8,4,11,14,17,2,Duke,27,6,81.8182,0.0
3744,2012,1124,13,9,9,12,18,14,3,Baylor,26,7,78.7879,3.0
3750,2012,1231,8,12,17,9,9,11,4,Indiana,25,8,75.7576,2.0
3756,2012,1455,10,15,11,10,10,10,5,Wichita St,26,5,83.871,0.0
3762,2012,1424,34,26,27,24,37,33,6,UNLV,24,8,75.0,0.0
3768,2012,1323,39,36,37,42,29,41,7,Notre Dame,22,11,66.6667,0.0
3774,2012,1235,27,31,31,32,33,29,8,Iowa St,22,10,68.75,1.0
3780,2012,1163,35,49,40,37,28,37,9,Connecticut,20,13,60.6061,0.0
3786,2012,1462,53,52,50,55,60,58,10,Xavier,21,12,63.6364,2.0
3792,2012,1160,81,63,64,80,68,75,11,Colorado,21,11,65.625,1.0
3798,2012,1433,43,33,35,50,55,47,12,VCU,28,6,82.3529,1.0
3804,2012,1308,61,75,70,63,64,63,13,New Mexico St,24,9,72.7273,0.0
3810,2012,1355,68,69,63,59,67,57,14,S Dakota St,25,7,78.125,0.0
3816,2012,1250,87,83,97,92,113,83,15,Lehigh,25,7,78.125,1.0
3822,2012,1290,222,174,163,233,284,256,16,MS Valley St,21,12,63.6364,0.0
3828,2012,1443,186,189,180,202,183,191,16,WKU,15,18,45.4545,1.0
3834,2012,1277,3,5,5,3,2,3,1,Michigan St,27,7,79.4118,2.0
3840,2012,1281,7,3,7,7,7,7,2,Missouri,30,4,88.2353,0.0
3846,2012,1266,14,13,10,15,16,18,3,Marquette,25,7,78.125,2.0
3852,2012,1257,17,17,12,18,13,20,4,Louisville,26,9,74.2857,4.0
3858,2012,1307,20,21,23,16,17,13,5,New Mexico,26,6,81.25,1.0
3864,2012,1293,42,11,14,40,79,49,6,Murray St,27,1,96.4286,1.0
3870,2012,1196,16,27,26,17,22,19,7,Florida,23,10,69.697,3.0
3876,2012,1272,11,24,20,13,5,9,8,Memphis,26,8,76.4706,0.0
3882,2012,1387,23,30,28,19,26,15,9,St Louis,24,7,77.4194,1.0
3888,2012,1438,26,37,38,26,34,26,10,Virginia,22,9,70.9677,0.0
3894,2012,1161,73,66,49,76,75,76,11,Colorado St,20,11,64.5161,0.0
3900,2012,1253,44,42,66,41,58,36,12,Long Beach St,23,8,74.1935,0.0
3906,2012,1172,56,62,68,71,76,68,13,Davidson,24,7,77.4194,0.0
3912,2012,1140,49,53,45,39,49,48,14,BYU,23,8,74.1935,1.0
3918,2012,1233,50,61,60,52,63,60,14,Iona,25,7,78.125,0.0
3924,2012,1313,187,126,117,182,236,214,15,Norfolk St,24,8,75.0,1.0
3930,2012,1254,144,100,103,159,141,164,16,LIU Brooklyn,25,8,75.7576,0.0
3936,2013,1231,2,4,7,2,2,3,1,Indiana,27,6,81.8182,2.0
3942,2013,1274,9,12,6,14,14,14,2,Miami FL,27,6,81.8182,2.0
3948,2013,1266,21,17,18,22,25,25,3,Marquette,23,8,74.1935,3.0
3954,2013,1393,12,14,16,13,15,13,4,Syracuse,26,9,74.2857,4.0
3960,2013,1424,30,35,21,39,39,36,5,UNLV,24,9,72.7273,0.0
3966,2013,1139,42,21,20,45,43,52,6,Butler,25,8,75.7576,1.0
3972,2013,1228,43,29,38,44,33,42,7,Illinois,21,12,63.6364,1.0
3978,2013,1301,27,32,32,25,24,35,8,NC State,24,10,70.5882,0.0
3984,2013,1396,58,45,40,55,52,68,9,Temple,23,9,71.875,1.0
3990,2013,1160,41,43,42,52,62,50,10,Colorado,21,11,65.625,0.0
3996,2013,1137,61,41,52,73,81,62,11,Bucknell,27,5,84.375,0.0
4002,2013,1143,57,51,47,56,65,58,12,California,20,11,64.5161,1.0
4008,2013,1285,138,78,91,133,152,145,13,Montana,23,6,79.3103,0.0
4014,2013,1172,68,71,75,64,44,59,14,Davidson,25,7,78.125,0.0
4020,2013,1334,114,97,103,130,160,121,15,Pacific,20,12,62.5,0.0
4026,2013,1241,183,168,179,169,155,179,16,James Madison,20,14,58.8235,1.0
4032,2013,1254,182,193,173,163,134,185,16,LIU Brooklyn,20,13,60.6061,0.0
4038,2013,1242,6,7,4,4,5,8,1,Kansas,29,5,85.2941,2.0
4044,2013,1207,11,9,9,9,11,12,2,Georgetown,25,6,80.6452,0.0
4050,2013,1196,3,15,15,3,6,1,3,Florida,26,7,78.7879,3.0
4056,2013,1276,8,10,12,11,13,11,4,Michigan,25,7,78.125,5.0
4062,2013,1433,19,31,27,26,16,21,5,VCU,26,8,76.4706,1.0
4068,2013,1417,34,27,19,41,56,44,6,UCLA,25,9,73.5294,0.0
4074,2013,1361,35,42,33,32,47,26,7,San Diego St,20,10,66.6667,1.0
4080,2013,1314,22,26,25,19,18,28,8,North Carolina,23,10,69.697,1.0
4086,2013,1437,52,53,54,40,32,45,9,Villanova,19,13,59.375,0.0
4092,2013,1328,49,52,46,43,49,51,10,Oklahoma,20,11,64.5161,0.0
4098,2013,1278,23,37,35,30,30,23,11,Minnesota,20,12,62.5,1.0
4104,2013,1103,55,46,50,62,60,54,12,Akron,25,6,80.6452,0.0
4110,2013,1355,110,92,86,93,98,102,13,S Dakota St,22,9,70.9677,0.0
4116,2013,1322,127,104,104,138,179,133,14,Northwestern LA,19,8,70.3704,0.0
4122,2013,1195,124,120,115,126,110,126,15,FL Gulf Coast,22,10,68.75,2.0
4128,2013,1443,169,167,146,182,181,183,16,WKU,19,15,55.8824,0.0
4134,2013,1257,1,2,3,1,1,2,1,Louisville,29,5,85.2941,6.0
4140,2013,1181,4,3,2,7,7,6,2,Duke,27,5,84.375,3.0
4146,2013,1277,10,8,10,8,8,10,3,Michigan St,24,8,75.0,2.0
4152,2013,1387,18,20,14,15,10,16,4,St Louis,27,6,81.8182,1.0
4158,2013,1329,20,23,24,18,31,20,5,Oklahoma St,24,8,75.0,0.0
4164,2013,1272,26,13,13,27,22,39,6,Memphis,30,4,88.2353,1.0
4170,2013,1166,15,22,23,21,20,15,7,Creighton,27,7,79.4118,1.0
4176,2013,1161,29,28,22,36,40,24,8,Colorado St,23,8,74.1935,1.0
4182,2013,1281,24,36,44,16,17,18,9,Missouri,23,10,69.697,0.0
4188,2013,1153,36,39,41,35,34,40,10,Cincinnati,22,11,66.6667,0.0
4194,2013,1292,44,38,36,53,51,32,11,MTSU,28,5,84.8485,0.0
4200,2013,1388,32,25,31,34,21,22,11,St Mary's CA,26,6,81.25,1.0
4206,2013,1332,39,30,30,47,58,43,12,Oregon,26,8,76.4706,2.0
4212,2013,1308,77,68,66,79,83,80,13,New Mexico St,23,10,69.697,0.0
4218,2013,1434,64,59,56,65,67,66,14,Valparaiso,25,7,78.125,0.0
4224,2013,1107,143,117,120,167,161,147,15,SUNY Albany,24,10,70.5882,0.0
4230,2013,1251,264,278,293,260,237,251,16,Liberty,12,20,37.5,0.0
4236,2013,1299,223,221,222,242,234,226,16,NC A&T,18,16,52.9412,1.0
4242,2013,1211,5,1,5,6,4,4,1,Gonzaga,30,2,93.75,1.0
4248,2013,1326,7,5,8,5,3,5,2,Ohio St,26,7,78.7879,3.0
4254,2013,1307,17,6,1,17,26,17,3,New Mexico,29,5,85.2941,0.0
4260,2013,1243,25,11,17,20,27,30,4,Kansas St,26,7,78.7879,0.0
4266,2013,1458,13,16,29,12,9,9,5,Wisconsin,23,11,67.6471,0.0
4272,2013,1112,16,18,11,23,42,19,6,Arizona,25,7,78.125,2.0
4278,2013,1323,28,19,26,24,19,31,7,Notre Dame,25,9,73.5294,0.0
4284,2013,1338,14,24,28,10,12,7,8,Pittsburgh,24,8,75.0,0.0
4290,2013,1455,31,33,34,42,35,33,9,Wichita St,26,8,76.4706,4.0
4296,2013,1235,37,44,49,33,36,37,10,Iowa St,22,11,66.6667,1.0
4302,2013,1125,40,48,43,50,61,46,11,Belmont,24,6,80.0,0.0
4308,2013,1279,33,34,37,28,29,34,12,Mississippi,26,8,76.4706,1.0
4314,2013,1129,50,47,45,58,57,49,13,Boise St,19,10,65.5172,0.0
4320,2013,1247,53,55,48,57,46,57,13,La Salle,21,9,70.0,3.0
4326,2013,1217,108,88,101,105,96,108,14,Harvard,18,9,66.6667,1.0
4332,2013,1233,90,115,119,98,90,96,15,Iona,20,13,60.6061,0.0
4338,2013,1380,180,183,184,214,270,170,16,Southern Univ,20,9,68.9655,0.0
4344,2014,1438,7,6,9,5,3,4,1,Virginia,28,6,82.3529,2.0
4350,2014,1437,5,4,4,4,6,7,2,Villanova,28,4,87.5,1.0
4356,2014,1235,14,5,6,13,20,23,3,Iowa St,26,7,78.7879,2.0
4362,2014,1277,10,11,12,8,5,10,4,Michigan St,26,8,76.4706,3.0
4368,2014,1153,28,15,19,28,25,24,5,Cincinnati,27,6,81.8182,0.0
4374,2014,1314,27,27,29,27,19,25,6,North Carolina,23,9,71.875,1.0
4380,2014,1163,29,18,26,24,16,26,7,Connecticut,26,8,76.4706,6.0
4386,2014,1272,43,28,35,41,39,40,8,Memphis,22,9,70.9677,1.0
4392,2014,1203,46,34,33,46,57,41,9,G Washington,24,8,75.0,0.0
4398,2014,1386,51,39,34,56,35,49,10,St Joseph's PA,24,9,72.7273,0.0
4404,2014,1344,45,35,36,45,33,48,11,Providence,23,11,67.6471,0.0
4410,2014,1217,39,36,47,35,37,33,12,Harvard,25,4,86.2069,1.0
4416,2014,1174,98,75,80,106,119,103,13,Delaware,25,9,73.5294,0.0
4422,2014,1300,96,81,98,83,92,74,14,NC Central,26,5,83.871,0.0
4428,2014,1454,154,127,130,165,172,168,15,WI Milwaukee,20,13,60.6061,0.0
4434,2014,1157,210,208,188,224,200,222,16,Coastal Car,18,12,60.0,0.0
4440,2014,1196,3,1,1,3,2,3,1,Florida,32,2,94.1176,4.0
4446,2014,1242,4,12,5,6,13,8,2,Kansas,24,9,72.7273,1.0
4452,2014,1393,18,9,8,19,21,14,3,Syracuse,27,5,84.375,1.0
4458,2014,1417,12,17,15,15,11,18,4,UCLA,26,8,76.4706,2.0
4464,2014,1433,21,32,24,23,17,12,5,VCU,26,8,76.4706,0.0
4470,2014,1326,19,19,21,14,14,20,6,Ohio St,25,9,73.5294,0.0
4476,2014,1307,31,20,17,31,28,28,7,New Mexico,27,6,81.8182,0.0
4482,2014,1160,47,31,32,55,72,63,8,Colorado,23,11,67.6471,0.0
4488,2014,1338,17,23,31,20,18,16,9,Pittsburgh,25,9,73.5294,1.0
4494,2014,1390,32,38,38,33,41,36,10,Stanford,21,12,63.6364,2.0
4500,2014,1173,54,56,40,58,56,51,11,Dayton,23,10,69.697,3.0
4506,2014,1372,72,43,49,82,113,55,12,SF Austin,29,2,93.5484,1.0
4512,2014,1409,83,101,82,71,67,65,13,Tulsa,21,12,63.6364,0.0
4518,2014,1444,111,88,72,123,116,113,14,W Michigan,22,9,70.9677,0.0
4524,2014,1184,129,125,114,143,146,124,15,E Kentucky,22,9,70.9677,0.0
4530,2014,1107,196,187,211,185,157,177,16,SUNY Albany,18,14,56.25,1.0
4536,2014,1291,219,223,220,215,186,188,16,Mt St Mary's,16,16,50.0,0.0
4542,2014,1276,13,8,13,10,7,15,2,Michigan,25,8,75.7576,3.0
4548,2014,1181,8,14,14,7,8,6,3,Duke,26,8,76.4706,0.0
4554,2014,1257,2,13,16,2,1,2,4,Louisville,29,5,85.2941,2.0
4560,2014,1387,35,30,23,36,49,34,5,St Louis,25,6,80.6452,1.0
4566,2014,1269,40,33,25,47,64,50,6,Massachusetts,24,8,75.0,0.0
4572,2014,1400,36,24,30,39,55,37,7,Texas,23,10,69.697,1.0
4578,2014,1246,16,25,22,18,26,17,8,Kentucky,24,10,70.5882,5.0
4584,2014,1243,49,49,42,40,53,43,9,Kansas St,20,12,62.5,0.0
4590,2014,1113,34,40,39,37,59,47,10,Arizona St,21,11,65.625,0.0
4596,2014,1234,24,41,52,17,22,27,11,Iowa,20,12,62.5,0.0
4602,2014,1397,25,53,48,25,15,11,11,Tennessee,20,12,62.5,3.0
4608,2014,1301,66,54,58,67,38,54,12,NC State,21,13,61.7647,1.0
4614,2014,1462,38,42,44,48,50,56,12,Xavier,21,12,63.6364,0.0
4620,2014,1264,75,69,65,74,83,66,13,Manhattan,25,7,78.125,0.0
4626,2014,1273,97,100,93,89,94,95,14,Mercer,23,8,74.1935,1.0
4632,2014,1459,188,193,181,192,165,181,15,Wofford,17,12,58.6207,0.0
4638,2014,1142,187,196,230,175,212,166,16,Cal Poly,11,19,36.6667,1.0
4644,2014,1411,251,254,239,254,274,250,16,TX Southern,18,14,56.25,0.0
4650,2014,1112,1,3,2,1,4,1,1,Arizona,30,4,88.2353,3.0
4656,2014,1458,9,7,7,9,9,13,2,Wisconsin,26,7,78.7879,4.0
4662,2014,1166,6,16,10,11,10,9,3,Creighton,26,7,78.7879,1.0
4668,2014,1361,22,10,11,22,30,21,4,San Diego St,27,4,87.0968,2.0
4674,2014,1328,26,21,18,26,29,29,5,Oklahoma,23,9,71.875,0.0
4680,2014,1124,30,26,28,29,27,31,6,Baylor,22,11,66.6667,2.0
4686,2014,1332,23,29,27,30,32,30,7,Oregon,23,9,71.875,1.0
4692,2014,1211,20,22,20,21,24,19,8,Gonzaga,27,6,81.8182,1.0
4698,2014,1329,15,37,37,16,23,22,9,Oklahoma St,21,12,63.6364,0.0
4704,2014,1140,50,51,45,42,48,45,10,BYU,22,11,66.6667,0.0
4710,2014,1304,53,44,51,54,31,46,11,Nebraska,19,12,61.2903,0.0
4716,2014,1295,63,59,55,65,60,53,12,N Dakota St,22,6,78.5714,1.0
4722,2014,1308,74,87,88,79,102,72,13,New Mexico St,25,9,73.5294,0.0
4728,2014,1418,113,111,106,119,125,115,14,Louisiana,20,11,64.5161,0.0
4734,2014,1110,127,139,150,117,124,97,15,American Univ,20,12,62.5,0.0
4740,2014,1451,167,169,163,171,177,171,16,Weber St,17,11,60.7143,0.0
4746,2015,1437,4,2,2,6,4,5,1,Villanova,32,2,94.1176,1.0
4752,2015,1438,6,3,4,3,6,4,2,Virginia,29,3,90.625,1.0
4758,2015,1328,13,17,19,13,12,9,3,Oklahoma,22,10,68.75,2.0
4764,2015,1257,15,14,15,15,13,18,4,Louisville,24,8,75.0,3.0
4770,2015,1320,28,12,13,22,31,12,5,Northern Iowa,30,3,90.9091,1.0
4776,2015,1344,26,28,24,28,21,28,6,Providence,22,11,66.6667,0.0
4782,2015,1277,16,24,26,16,14,17,7,Michigan St,23,11,67.6471,4.0
4788,2015,1301,33,40,40,32,22,38,8,NC State,20,13,60.6061,2.0
4794,2015,1261,37,44,39,43,47,43,9,LSU,22,10,68.75,0.0
4800,2015,1208,35,33,35,37,39,36,10,Georgia,21,11,65.625,0.0
4806,2015,1129,56,49,48,45,48,39,11,Boise St,23,8,74.1935,0.0
4812,2015,1173,43,41,28,48,62,40,11,Dayton,25,8,75.7576,2.0
4818,2015,1461,106,66,67,98,97,102,12,Wyoming,23,9,71.875,0.0
4824,2015,1414,103,112,107,97,103,94,13,UC Irvine,19,12,61.2903,0.0
4830,2015,1107,132,103,101,130,145,132,14,SUNY Albany,24,8,75.0,0.0
4836,2015,1125,136,130,120,150,131,149,15,Belmont,21,10,67.7419,0.0
4842,2015,1248,166,161,130,176,192,195,16,Lafayette,19,12,61.2903,0.0
4848,2015,1181,5,5,5,5,5,7,1,Duke,29,4,87.8788,6.0
4854,2015,1211,7,6,8,7,9,6,2,Gonzaga,31,2,93.9394,3.0
4860,2015,1235,12,11,10,11,11,13,3,Iowa St,25,8,75.7576,0.0
4866,2015,1207,18,21,22,23,26,22,4,Georgetown,21,10,67.7419,1.0
4872,2015,1428,10,20,23,12,10,8,5,Utah,23,8,74.1935,2.0
4878,2015,1374,32,23,16,29,23,19,6,SMU,26,6,81.25,0.0
4884,2015,1234,25,29,36,24,17,24,7,Iowa,21,11,65.625,1.0
4890,2015,1361,39,37,30,35,40,27,8,San Diego St,25,8,75.7576,1.0
4896,2015,1385,40,30,29,38,53,42,9,St John's,20,11,64.5161,0.0
4902,2015,1172,29,31,31,30,37,32,10,Davidson,23,7,76.6667,0.0
4908,2015,1417,42,45,51,47,27,41,11,UCLA,20,13,60.6061,2.0
4914,2015,1372,53,39,42,41,70,35,12,SF Austin,26,4,86.6667,0.0
4920,2015,1186,130,94,95,124,184,136,13,E Washington,23,8,74.1935,0.0
4926,2015,1412,148,148,139,144,129,121,14,UAB,18,15,54.5455,1.0
4932,2015,1295,164,120,114,154,159,151,15,N Dakota St,21,9,70.0,0.0
4938,2015,1316,137,143,161,143,141,127,16,North Florida,20,11,64.5161,0.0
4944,2015,1352,176,197,164,183,165,173,16,Robert Morris,19,14,57.5758,1.0
4950,2015,1242,8,9,7,10,15,11,2,Kansas,26,8,76.4706,1.0
4956,2015,1323,11,8,9,8,8,10,3,Notre Dame,29,5,85.2941,3.0
4962,2015,1268,27,10,11,27,30,33,4,Maryland,27,6,81.8182,1.0
4968,2015,1452,19,18,20,19,29,25,5,West Virginia,23,9,71.875,2.0
4974,2015,1139,20,22,27,20,25,23,6,Butler,22,10,68.75,1.0
4980,2015,1455,21,16,17,18,19,14,7,Wichita St,27,4,87.0968,2.0
4986,2015,1153,50,59,43,50,51,34,8,Cincinnati,22,10,68.75,1.0
4992,2015,1345,41,42,46,33,33,49,9,Purdue,21,12,63.6364,0.0
4998,2015,1231,46,46,53,40,36,53,10,Indiana,20,13,60.6061,0.0
5004,2015,1400,22,32,38,21,20,20,11,Texas,20,13,60.6061,0.0
5010,2015,1138,57,58,55,59,71,54,12,Buffalo,23,9,71.875,0.0
5016,2015,1434,72,48,47,67,85,63,13,Valparaiso,25,5,83.3333,0.0
5022,2015,1318,119,99,97,123,139,120,14,Northeastern,23,11,67.6471,0.0
5028,2015,1308,114,132,126,106,111,88,15,New Mexico St,21,10,67.7419,0.0
5034,2015,1214,249,267,257,266,241,250,16,Hampton,16,17,48.4848,1.0
5040,2015,1264,155,154,158,159,100,146,16,Manhattan,19,13,59.375,0.0
5046,2015,1458,3,4,3,2,3,3,1,Wisconsin,31,3,91.1765,5.0
5052,2015,1112,2,7,6,4,1,2,2,Arizona,31,3,91.1765,3.0
5058,2015,1124,14,15,12,14,18,15,3,Baylor,23,9,71.875,0.0
5064,2015,1314,9,13,14,9,7,16,4,North Carolina,24,11,68.5714,2.0
5070,2015,1116,23,19,18,25,24,29,5,Arkansas,26,8,76.4706,1.0
5076,2015,1462,24,35,33,26,32,26,6,Xavier,21,13,61.7647,2.0
5082,2015,1433,30,25,21,31,41,30,7,VCU,26,9,74.2857,0.0
5088,2015,1332,38,26,25,44,43,46,8,Oregon,24,9,72.7273,1.0
5094,2015,1329,34,38,45,34,56,37,9,Oklahoma St,17,13,56.6667,0.0
5100,2015,1326,17,27,34,17,16,21,10,Ohio St,23,10,69.697,1.0
5106,2015,1140,31,36,37,36,28,31,11,BYU,23,9,71.875,0.0
5112,2015,1279,45,55,54,51,50,44,11,Mississippi,20,12,62.5,1.0
5118,2015,1459,91,54,62,92,118,90,12,Wofford,26,6,81.25,0.0
5124,2015,1217,81,69,63,85,77,78,13,Harvard,20,7,74.0741,0.0
5130,2015,1209,80,93,91,78,91,71,14,Georgia St,23,9,71.875,1.0
5136,2015,1411,203,150,153,204,266,207,15,TX Southern,22,12,64.7059,0.0
5142,2015,1157,134,147,144,145,164,148,16,Coastal Car,20,9,68.9655,0.0
5148,2016,1314,3,2,4,3,3,4,1,North Carolina,28,6,82.3529,5.0
5154,2016,1462,12,8,5,14,14,15,2,Xavier,27,5,84.375,1.0
5160,2016,1452,6,7,11,6,11,6,3,West Virginia,26,8,76.4706,0.0
5166,2016,1246,8,14,12,8,5,7,4,Kentucky,26,8,76.4706,1.0
5172,2016,1231,15,19,24,11,9,14,5,Indiana,25,7,78.125,2.0
5178,2016,1323,31,28,32,35,35,39,6,Notre Dame,21,11,65.625,3.0
5184,2016,1458,34,42,44,36,30,32,7,Wisconsin,20,12,62.5,2.0
5190,2016,1425,43,43,42,43,48,49,8,USC,21,12,63.6364,0.0
5196,2016,1344,46,29,28,44,45,46,9,Providence,23,10,69.697,1.0
5202,2016,1338,35,38,41,34,39,45,10,Pittsburgh,20,11,64.5161,0.0
5208,2016,1276,51,35,49,37,43,56,11,Michigan,21,12,63.6364,1.0
5214,2016,1409,64,60,65,66,71,58,11,Tulsa,20,11,64.5161,0.0
5220,2016,1151,96,54,52,109,123,107,12,Chattanooga,27,5,84.375,0.0
5226,2016,1392,93,87,84,96,105,91,13,Stony Brook,24,6,80.0,0.0
5232,2016,1372,55,80,83,57,36,33,14,SF Austin,23,5,82.1429,1.0
5238,2016,1451,136,115,114,135,188,132,15,Weber St,23,8,74.1935,0.0
5244,2016,1192,256,243,224,266,247,263,16,F Dickinson,17,14,54.8387,0.0
5250,2016,1195,184,194,182,181,199,174,16,FL Gulf Coast,16,13,55.1724,1.0
5256,2016,1438,4,4,6,4,4,2,1,Virginia,26,7,78.7879,3.0
5262,2016,1277,2,3,8,2,1,3,2,Michigan St,29,5,85.2941,0.0
5268,2016,1428,24,11,10,26,17,29,3,Utah,25,8,75.7576,1.0
5274,2016,1235,19,21,25,21,28,18,4,Iowa St,21,11,65.625,2.0
5280,2016,1345,9,12,19,9,6,10,5,Purdue,26,8,76.4706,0.0
5286,2016,1371,26,20,15,29,29,26,6,Seton Hall,25,8,75.7576,0.0
5292,2016,1173,42,34,18,47,49,54,7,Dayton,25,7,78.125,0.0
5298,2016,1403,39,36,33,46,55,42,8,Texas Tech,19,12,61.2903,0.0
5304,2016,1139,32,39,35,30,31,40,9,Butler,21,10,67.7419,1.0
5310,2016,1393,40,50,61,40,33,41,10,Syracuse,19,13,59.375,4.0
5316,2016,1211,28,27,39,22,22,28,11,Gonzaga,25,7,78.125,2.0
5322,2016,1114,66,37,46,71,109,47,12,Ark Little Rock,27,4,87.0968,1.0
5328,2016,1233,103,99,101,97,80,72,13,Iona,22,10,68.75,0.0
5334,2016,1201,106,73,67,100,95,105,14,Fresno St,23,9,71.875,0.0
5340,2016,1292,132,98,95,116,116,123,15,MTSU,22,9,70.9677,1.0
5346,2016,1214,237,183,167,235,236,222,16,Hampton,20,10,66.6667,0.0
5352,2016,1242,1,1,1,1,2,1,1,Kansas,29,4,87.8788,3.0
5358,2016,1437,5,5,2,5,7,5,2,Villanova,29,5,85.2941,6.0
5364,2016,1274,11,10,9,13,16,13,3,Miami FL,25,7,78.125,2.0
5370,2016,1143,22,26,21,27,23,21,4,California,23,10,69.697,0.0
5376,2016,1268,20,15,23,20,21,23,5,Maryland,24,8,75.0,2.0
5382,2016,1112,17,23,16,12,8,16,6,Arizona,25,8,75.7576,0.0
5388,2016,1234,21,25,31,19,26,20,7,Iowa,21,10,67.7419,1.0
5394,2016,1160,50,40,30,49,50,55,8,Colorado,21,11,65.625,0.0
5400,2016,1163,29,33,40,28,27,25,9,Connecticut,24,10,70.5882,1.0
5406,2016,1396,81,46,58,85,81,86,10,Temple,21,11,65.625,0.0
5412,2016,1435,25,51,57,23,25,27,11,Vanderbilt,19,13,59.375,0.0
5418,2016,1455,27,49,45,25,15,12,11,Wichita St,23,8,74.1935,2.0
5424,2016,1355,83,75,54,86,111,80,12,S Dakota St,24,7,77.4194,0.0
5430,2016,1218,72,52,51,69,86,61,13,Hawaii,25,5,83.3333,1.0
5436,2016,1138,131,129,106,133,112,130,14,Buffalo,19,14,57.5758,0.0
5442,2016,1421,117,141,142,139,137,116,15,UNC Asheville,20,11,64.5161,0.0
5448,2016,1122,211,209,210,218,229,211,16,Austin Peay,16,17,48.4848,0.0
5454,2016,1332,13,9,3,15,10,9,1,Oregon,27,6,81.8182,3.0
5460,2016,1328,7,6,7,7,13,8,2,Oklahoma,25,7,78.125,4.0
5466,2016,1401,16,17,13,17,12,17,3,Texas A&M,26,8,76.4706,2.0
5472,2016,1181,14,18,20,16,19,22,4,Duke,23,10,69.697,2.0
5478,2016,1124,23,22,26,24,24,24,5,Baylor,21,11,65.625,0.0
5484,2016,1400,30,24,27,31,37,30,6,Texas,20,12,62.5,0.0
5490,2016,1333,56,44,38,58,64,60,7,Oregon St,18,12,60.0,0.0
5496,2016,1386,37,30,17,41,40,37,8,St Joseph's PA,27,7,79.4118,1.0
5502,2016,1153,36,41,50,32,34,31,9,Cincinnati,22,10,68.75,0.0
5508,2016,1433,33,55,36,39,32,35,10,VCU,24,10,70.5882,1.0
5514,2016,1320,87,85,87,73,66,77,11,Northern Iowa,21,12,63.6364,1.0
5520,2016,1463,53,57,75,56,52,38,12,Yale,21,6,77.7778,1.0
5526,2016,1423,77,66,48,89,104,74,13,UNC Wilmington,23,7,76.6667,0.0
5532,2016,1453,123,109,119,122,114,117,14,WI Green Bay,21,12,63.6364,0.0
5538,2016,1167,110,114,121,114,132,95,15,CS Bakersfield,21,8,72.4138,0.0
5544,2016,1221,287,269,260,268,228,268,16,Holy Cross,14,19,42.4242,1.0
5550,2016,1380,230,203,206,242,282,226,16,Southern Univ,19,12,61.2903,0.0
5556,2017,1437,1,1,1,2,1,2,1,Villanova,31,3,91.1765,1.0
5562,2017,1181,9,6,8,8,6,12,2,Duke,27,8,77.1429,1.0
5568,2017,1124,12,8,11,14,20,13,3,Baylor,24,7,77.4194,2.0
5574,2017,1196,7,18,12,10,14,9,4,Florida,24,8,75.0,3.0
5580,2017,1438,10,20,23,9,10,7,5,Virginia,22,10,68.75,1.0
5586,2017,1374,16,11,13,19,9,11,6,SMU,30,4,88.2353,0.0
5592,2017,1376,33,37,37,31,49,31,7,South Carolina,21,10,67.7419,4.0
5598,2017,1458,21,24,28,17,18,23,8,Wisconsin,25,9,73.5294,2.0
5604,2017,1439,38,30,33,47,38,44,9,Virginia Tech,22,10,68.75,0.0
5610,2017,1266,29,45,47,30,28,28,10,Marquette,19,12,61.2903,0.0
5616,2017,1344,53,49,49,58,46,56,11,Providence,20,12,62.5,0.0
5622,2017,1425,52,41,35,55,52,61,11,USC,24,9,72.7273,2.0
5628,2017,1423,60,43,36,68,79,60,12,UNC Wilmington,27,5,84.375,0.0
5634,2017,1190,70,67,55,77,96,64,13,ETSU,25,7,78.125,0.0
5640,2017,1308,85,73,56,97,177,88,14,New Mexico St,25,5,83.3333,0.0
5646,2017,1407,133,144,155,161,158,130,15,Troy,20,14,58.8235,0.0
5652,2017,1291,207,198,190,216,165,213,16,Mt St Mary's,19,15,55.8824,1.0
5658,2017,1309,189,183,154,208,217,178,16,New Orleans,17,11,60.7143,0.0
5664,2017,1211,2,3,5,1,3,1,1,Gonzaga,32,1,96.9697,5.0
5670,2017,1112,17,5,4,18,21,20,2,Arizona,30,4,88.2353,2.0
5676,2017,1199,18,17,14,20,17,19,3,Florida St,25,8,75.7576,1.0
5682,2017,1452,8,14,20,4,7,5,4,West Virginia,26,8,76.4706,2.0
5688,2017,1323,23,13,19,22,19,25,5,Notre Dame,25,9,73.5294,1.0
5694,2017,1268,37,31,24,42,44,45,6,Maryland,23,8,74.1935,0.0
5700,2017,1388,25,23,18,25,26,14,7,St Mary's CA,28,4,87.5,1.0
5706,2017,1321,39,34,39,39,47,39,8,Northwestern,23,11,67.6471,1.0
5712,2017,1435,34,50,46,43,42,34,9,Vanderbilt,19,15,55.8824,0.0
5718,2017,1433,43,44,30,50,50,52,10,VCU,26,8,76.4706,0.0
5724,2017,1462,46,36,38,32,29,40,11,Xavier,21,13,61.7647,3.0
5730,2017,1343,67,63,64,73,67,59,12,Princeton,22,6,78.5714,0.0
5736,2017,1137,76,79,78,94,72,80,13,Bucknell,26,8,76.4706,0.0
5742,2017,1195,102,84,87,113,102,108,14,FL Gulf Coast,23,7,76.6667,0.0
5748,2017,1315,152,150,148,176,156,173,15,North Dakota,19,9,67.8571,0.0
5754,2017,1355,191,178,185,180,171,187,16,S Dakota St,16,16,50.0,0.0
5760,2017,1242,5,2,2,6,8,10,1,Kansas,28,4,87.5,3.0
5766,2017,1257,6,10,10,7,4,6,2,Louisville,24,8,75.0,1.0
5772,2017,1332,14,12,7,13,24,16,3,Oregon,28,5,84.8485,4.0
5778,2017,1345,11,19,17,12,13,15,4,Purdue,25,7,78.125,2.0
5784,2017,1235,19,15,27,16,11,17,5,Iowa St,23,10,69.697,1.0
5790,2017,1166,26,25,22,27,27,27,6,Creighton,24,9,72.7273,0.0
5796,2017,1276,24,26,29,23,15,21,7,Michigan,24,11,68.5714,2.0
5802,2017,1274,31,29,34,28,37,32,8,Miami FL,21,11,65.625,0.0
5808,2017,1277,44,48,48,36,41,43,9,Michigan St,19,14,57.5758,1.0
5814,2017,1329,27,27,44,24,25,24,10,Oklahoma St,19,12,61.2903,0.0
5820,2017,1348,40,52,43,48,31,37,11,Rhode Island,24,9,72.7273,1.0
5826,2017,1305,47,47,32,56,53,55,12,Nevada,28,6,82.3529,0.0
5832,2017,1436,66,51,50,75,71,63,13,Vermont,28,5,84.8485,0.0
5838,2017,1233,119,124,110,123,100,118,14,Iona,22,12,64.7059,0.0
5844,2017,1240,184,163,181,186,221,158,15,Jacksonville St,18,14,56.25,0.0
5850,2017,1300,160,194,178,179,210,152,16,NC Central,22,8,73.3333,0.0
5856,2017,1413,215,173,169,200,214,218,16,UC Davis,20,12,62.5,1.0
5862,2017,1314,4,7,6,3,5,3,1,North Carolina,26,7,78.7879,6.0
5868,2017,1246,3,4,3,5,2,4,2,Kentucky,29,5,85.2941,3.0
5874,2017,1417,13,9,9,15,16,18,3,UCLA,29,4,87.8788,2.0
5880,2017,1139,22,21,15,26,22,26,4,Butler,23,8,74.1935,2.0
5886,2017,1278,28,28,21,33,36,33,5,Minnesota,24,9,72.7273,0.0
5892,2017,1153,20,16,16,21,23,22,6,Cincinnati,29,5,85.2941,1.0
5898,2017,1173,35,40,31,40,48,36,7,Dayton,23,7,76.6667,0.0
5904,2017,1116,32,32,26,37,40,38,8,Arkansas,25,9,73.5294,1.0
5910,2017,1371,45,33,41,49,34,53,9,Seton Hall,21,11,65.625,0.0
5916,2017,1455,15,22,25,11,12,8,10,Wichita St,29,4,87.8788,1.0
5922,2017,1243,36,35,52,34,35,29,11,Kansas St,20,13,60.6061,1.0
5928,2017,1448,30,39,45,35,32,30,11,Wake Forest,19,13,59.375,0.0
5934,2017,1292,50,42,40,60,65,48,12,MTSU,29,4,87.8788,1.0
5940,2017,1457,98,93,70,114,134,112,13,Winthrop,24,6,80.0,0.0
5946,2017,1245,132,121,124,138,138,141,14,Kent,21,13,61.7647,0.0
5952,2017,1297,138,116,105,153,157,147,15,N Kentucky,22,10,68.75,0.0
5958,2017,1411,197,159,152,204,205,207,16,TX Southern,23,11,67.6471,0.0
5964,2018,1437,1,2,2,1,2,2,1,Villanova,30,4,88.2353,6.0
5970,2018,1345,4,5,10,5,4,5,2,Purdue,28,6,82.3529,2.0
5976,2018,1403,13,14,19,13,10,12,3,Texas Tech,24,9,72.7273,3.0
5982,2018,1455,21,20,14,15,18,20,4,Wichita St,25,7,78.125,0.0
5988,2018,1452,15,15,20,9,17,13,5,West Virginia,24,10,70.5882,2.0
5994,2018,1196,23,33,33,18,24,23,6,Florida,20,12,62.5,1.0
6000,2018,1116,25,23,23,31,30,37,7,Arkansas,23,11,67.6471,0.0
6006,2018,1439,30,30,47,37,32,32,8,Virginia Tech,21,11,65.625,0.0
6012,2018,1104,45,56,46,46,40,51,9,Alabama,19,15,55.8824,1.0
6018,2018,1139,27,35,39,28,27,25,10,Butler,20,13,60.6061,1.0
6024,2018,1382,59,44,32,60,60,69,11,St Bonaventure,25,7,78.125,1.0
6030,2018,1417,44,51,35,44,54,48,11,UCLA,21,11,65.625,0.0
6036,2018,1293,66,63,60,82,66,59,12,Murray St,24,5,82.7586,0.0
6042,2018,1267,102,84,93,125,118,114,13,Marshall,23,10,69.697,1.0
6048,2018,1372,109,86,98,120,150,111,14,SF Austin,24,6,80.0,0.0
6054,2018,1168,151,130,124,171,130,153,15,CS Fullerton,18,11,62.069,0.0
6060,2018,1254,242,243,239,256,205,252,16,LIU Brooklyn,17,16,51.5152,0.0
6066,2018,1347,170,158,160,191,165,170,16,Radford,20,12,62.5,1.0
6072,2018,1242,8,9,4,6,6,9,1,Kansas,27,7,79.4118,4.0
6078,2018,1181,3,8,7,3,3,3,2,Duke,26,7,78.7879,3.0
6084,2018,1277,6,3,6,4,5,6,3,Michigan St,29,4,87.8788,1.0
6090,2018,1120,14,17,12,33,22,16,4,Auburn,25,7,78.125,1.0
6096,2018,1155,20,16,16,24,20,19,5,Clemson,23,9,71.875,2.0
6102,2018,1395,22,24,26,19,21,22,6,TCU,21,11,65.625,0.0
6108,2018,1348,33,32,24,45,35,49,7,Rhode Island,25,7,78.125,1.0
6114,2018,1371,26,27,30,26,23,26,8,Seton Hall,21,11,65.625,1.0
6120,2018,1301,41,40,48,48,51,41,9,NC State,21,11,65.625,0.0
6126,2018,1328,46,36,51,36,36,47,10,Oklahoma,18,13,58.0645,0.0
6132,2018,1113,43,60,41,49,52,45,11,Arizona St,20,11,64.5161,0.0
6138,2018,1393,50,53,44,50,44,54,11,Syracuse,20,13,60.6061,3.0
6144,2018,1308,67,42,37,67,104,55,12,New Mexico St,25,5,83.3333,0.0
6150,2018,1158,110,85,73,112,112,120,13,Col Charleston,24,7,77.4194,0.0
6156,2018,1137,94,94,100,91,64,100,14,Bucknell,25,9,73.5294,0.0
6162,2018,1233,137,141,144,126,111,134,15,Iona,20,13,60.6061,0.0
6168,2018,1335,119,97,103,118,99,127,16,Penn,23,8,74.1935,0.0
6174,2018,1438,2,1,1,2,1,1,1,Virginia,31,2,93.9394,0.0
6180,2018,1153,5,7,5,7,8,4,2,Cincinnati,30,4,88.2353,1.0
6186,2018,1397,10,11,8,17,14,11,3,Tennessee,25,8,75.7576,1.0
6192,2018,1112,19,19,11,16,15,21,4,Arizona,27,7,79.4118,0.0
6198,2018,1246,17,18,13,14,12,18,5,Kentucky,24,10,70.5882,2.0
6204,2018,1274,32,21,28,32,33,36,6,Miami FL,22,9,70.9677,0.0
6210,2018,1305,24,26,21,39,45,24,7,Nevada,27,7,79.4118,2.0
6216,2018,1166,29,31,40,21,43,27,8,Creighton,20,11,64.5161,0.0
6222,2018,1243,40,25,34,41,47,44,9,Kansas St,22,11,66.6667,3.0
6228,2018,1400,38,38,56,29,31,39,10,Texas,19,14,57.5758,0.0
6234,2018,1260,48,39,25,62,61,42,11,Loyola-Chicago,27,5,84.375,4.0
6240,2018,1172,51,80,71,53,48,43,12,Davidson,21,11,65.625,0.0
6246,2018,1138,68,72,43,73,78,76,13,Buffalo,25,8,75.7576,1.0
6252,2018,1460,134,105,108,133,145,135,14,Wright St,23,9,71.875,0.0
6258,2018,1209,116,110,123,110,108,96,15,Georgia St,22,10,68.75,0.0
6264,2018,1420,168,123,140,189,155,184,16,UMBC,21,10,67.7419,1.0
6270,2018,1462,9,4,3,12,13,14,1,Xavier,28,5,84.8485,1.0
6276,2018,1314,7,10,9,8,7,7,2,North Carolina,25,10,71.4286,1.0
6282,2018,1276,12,6,15,11,9,10,3,Michigan,27,7,79.4118,5.0
6288,2018,1211,11,12,17,10,11,8,4,Gonzaga,30,4,88.2353,2.0
6294,2018,1326,16,13,18,22,16,15,5,Ohio St,24,8,75.0,1.0
6300,2018,1222,18,22,22,20,19,17,6,Houston,26,7,78.7879,1.0
6306,2018,1401,28,28,27,27,28,30,7,Texas A&M,20,12,62.5,2.0
6312,2018,1281,47,47,38,43,38,38,8,Missouri,19,12,61.2903,0.0
6318,2018,1199,34,41,50,34,29,35,9,Florida St,20,11,64.5161,3.0
6324,2018,1344,60,37,36,55,46,64,10,Providence,21,13,61.7647,0.0
6330,2018,1361,52,69,62,52,49,50,11,San Diego St,21,10,67.7419,0.0
6336,2018,1355,70,48,49,81,117,77,12,S Dakota St,24,6,80.0,0.0
6342,2018,1422,81,78,76,103,76,82,13,UNC Greensboro,24,7,77.4194,0.0
6348,2018,1285,88,74,78,98,110,71,14,Montana,24,7,77.4194,0.0
6354,2018,1252,152,116,117,168,199,165,15,Lipscomb,20,9,68.9655,0.0
6360,2018,1300,296,293,278,295,310,309,16,NC Central,16,15,51.6129,0.0
6366,2018,1411,240,276,249,242,256,249,16,TX Southern,15,19,44.1176,1.0
6372,2019,1181,2,2,1,1,1,3,1,Duke,29,5,85.2941,3.0
6378,2019,1277,3,6,5,4,5,4,2,Michigan St,28,6,82.3529,4.0
6384,2019,1261,16,13,11,20,22,18,3,LSU,26,6,81.25,2.0
6390,2019,1439,13,15,23,12,9,11,4,Virginia Tech,24,8,75.0,2.0
6396,2019,1280,20,23,20,21,23,21,5,Mississippi St,23,10,69.697,0.0
6402,2019,1268,24,21,27,29,30,24,6,Maryland,22,10,68.75,1.0
6408,2019,1257,22,27,33,22,17,17,7,Louisville,20,13,60.6061,0.0
6414,2019,1433,36,45,30,51,41,37,8,VCU,25,7,78.125,0.0
6420,2019,1416,42,42,29,39,47,46,9,UCF,23,8,74.1935,1.0
6426,2019,1278,39,29,37,43,58,47,10,Minnesota,21,13,61.7647,1.0
6432,2019,1125,54,49,48,60,45,54,11,Belmont,25,5,83.3333,1.0
6438,2019,1396,63,50,34,68,69,76,11,Temple,23,9,71.875,0.0
6444,2019,1251,78,63,75,108,84,63,12,Liberty,25,6,80.6452,1.0
6450,2019,1387,97,88,82,100,89,104,13,St Louis,23,12,65.7143,0.0
6456,2019,1463,76,75,61,94,94,82,14,Yale,21,7,75.0,0.0
6462,2019,1133,163,152,150,157,164,165,15,Bradley,19,14,57.5758,0.0
6468,2019,1295,194,191,191,193,231,199,16,N Dakota St,16,15,51.6129,1.0
6474,2019,1300,283,289,277,296,264,303,16,NC Central,15,15,50.0,0.0
6480,2019,1211,5,7,10,5,2,2,1,Gonzaga,30,3,90.9091,3.0
6486,2019,1276,6,5,8,8,7,5,2,Michigan,28,6,82.3529,2.0
6492,2019,1403,9,11,13,9,11,9,3,Texas Tech,26,6,81.25,5.0
6498,2019,1199,12,9,12,13,12,14,4,Florida St,27,7,79.4118,2.0
6504,2019,1266,26,30,24,23,21,27,5,Marquette,24,9,72.7273,0.0
6510,2019,1138,21,17,14,26,18,22,6,Buffalo,30,3,90.9091,1.0
6516,2019,1305,27,22,22,24,24,25,7,Nevada,29,4,87.8788,0.0
6522,2019,1393,34,36,40,32,32,35,8,Syracuse,20,13,60.6061,0.0
6528,2019,1124,43,53,47,44,53,41,9,Baylor,19,13,59.375,1.0
6534,2019,1196,29,46,46,28,33,28,10,Florida,19,15,55.8824,1.0
6540,2019,1113,55,54,41,52,56,61,11,Arizona St,22,10,68.75,1.0
6546,2019,1385,67,55,49,66,80,78,11,St John's,21,12,63.6364,0.0
6552,2019,1293,53,41,44,56,36,52,12,Murray St,25,4,86.2069,1.0
6558,2019,1436,81,69,71,85,51,80,13,Vermont,26,6,81.25,0.0
6564,2019,1297,106,99,94,110,65,100,14,N Kentucky,24,8,75.0,0.0
6570,2019,1285,136,118,105,131,81,137,15,Montana,24,8,75.0,0.0
6576,2019,1192,199,215,195,217,142,208,16,F Dickinson,18,13,58.0645,1.0
6582,2019,1341,195,184,183,230,223,209,16,Prairie View,21,12,63.6364,0.0
6588,2019,1314,4,4,4,3,4,6,1,North Carolina,27,6,81.8182,2.0
6594,2019,1246,8,8,6,6,8,7,2,Kentucky,27,6,81.8182,3.0
6600,2019,1222,14,10,7,17,16,15,3,Houston,31,3,91.1765,2.0
6606,2019,1242,17,12,9,14,27,20,4,Kansas,25,9,73.5294,1.0
6612,2019,1120,11,20,17,11,6,13,5,Auburn,25,9,73.5294,4.0
6618,2019,1235,18,26,26,15,15,16,6,Iowa St,23,11,67.6471,0.0
6624,2019,1459,23,19,25,34,14,19,7,Wofford,26,4,86.6667,1.0
6630,2019,1429,38,33,32,45,38,34,8,Utah St,27,6,81.8182,0.0
6636,2019,1449,48,31,28,50,55,51,9,Washington,26,8,76.4706,1.0
6642,2019,1371,51,48,43,49,48,55,10,Seton Hall,20,13,60.6061,0.0
6648,2019,1326,45,37,52,41,42,45,11,Ohio St,19,14,57.5758,1.0
6654,2019,1308,52,38,35,55,73,49,12,New Mexico St,28,4,87.5,0.0
6660,2019,1318,82,95,73,96,77,79,13,Northeastern,23,10,69.697,0.0
6666,2019,1209,103,72,64,112,131,111,14,Georgia St,23,9,71.875,0.0
6672,2019,1101,140,124,112,162,169,145,15,Abilene Chr,23,6,79.3103,0.0
6678,2019,1233,200,222,211,188,163,197,16,Iona,17,15,53.125,0.0
6684,2019,1438,1,1,2,2,3,1,1,Virginia,29,3,90.625,6.0
6690,2019,1397,7,3,3,7,10,8,2,Tennessee,28,5,84.8485,2.0
6696,2019,1345,10,14,18,10,13,10,3,Purdue,23,9,71.875,3.0
6702,2019,1243,19,18,15,19,28,23,4,Kansas St,25,8,75.7576,0.0
6708,2019,1458,15,16,21,16,19,12,5,Wisconsin,23,10,69.697,0.0
6714,2019,1437,25,28,19,18,25,26,6,Villanova,25,9,73.5294,1.0
6720,2019,1153,28,25,16,27,20,32,7,Cincinnati,28,6,82.3529,0.0
6726,2019,1279,40,47,45,46,49,44,8,Mississippi,20,12,62.5,0.0
6732,2019,1328,32,35,31,31,40,38,9,Oklahoma,19,13,59.375,1.0
6738,2019,1234,37,24,36,42,34,36,10,Iowa,22,11,66.6667,1.0
6744,2019,1388,35,56,53,38,29,31,11,St Mary's CA,22,11,66.6667,0.0
6750,2019,1332,41,60,51,33,35,43,12,Oregon,23,12,65.7143,2.0
6756,2019,1414,77,51,50,84,63,75,13,UC Irvine,29,5,85.2941,1.0
6762,2019,1330,114,79,58,111,104,112,14,Old Dominion,26,8,76.4706,0.0
6768,2019,1159,130,123,114,137,105,129,15,Colgate,23,10,69.697,0.0
6774,2019,1205,167,137,160,178,170,167,16,Gardner Webb,20,11,64.5161,0.0
6780,2021,1276,4,4,3,4,4,2,1,Michigan,20,4,83.3333,3.0
6786,2021,1104,7,5,5,9,7,8,2,Alabama,24,6,80.0,2.0
6792,2021,1400,21,10,9,18,19,26,3,Texas,19,7,73.0769,0.0
6798,2021,1199,18,23,23,12,18,15,4,Florida St,16,6,72.7273,2.0
6804,2021,1160,11,25,26,24,15,17,5,Colorado,22,8,73.3333,1.0
6810,2021,1140,14,17,12,25,36,24,6,BYU,19,6,76.0,0.0
6816,2021,1163,17,33,34,23,22,16,7,Connecticut,15,7,68.1818,0.0
6822,2021,1261,29,27,31,28,13,29,8,LSU,18,9,66.6667,1.0
6828,2021,1382,31,30,21,40,26,25,9,St Bonaventure,16,4,80.0,0.0
6834,2021,1268,35,45,54,32,32,31,10,Maryland,15,13,53.5714,1.0
6840,2021,1277,58,36,57,38,59,56,11,Michigan St,15,12,55.5556,0.0
6846,2021,1417,33,39,39,44,49,44,11,UCLA,17,9,65.3846,5.0
6852,2021,1207,51,56,63,63,48,55,12,Georgetown,13,12,52.0,0.0
6858,2021,1422,95,98,65,86,108,100,13,UNC Greensboro,21,8,72.4138,0.0
6864,2021,1101,72,80,93,98,77,86,14,Abilene Chr,19,4,82.6087,1.0
6870,2021,1233,146,167,111,163,122,178,15,Iona,12,5,70.5882,0.0
6876,2021,1291,192,203,161,205,183,214,16,Mt St Mary's,12,10,54.5455,0.0
6882,2021,1411,200,200,138,212,181,224,16,TX Southern,15,8,65.2174,1.0
6888,2021,1234,5,6,17,5,5,5,2,Iowa,21,8,72.4138,1.0
6894,2021,1242,19,11,16,10,16,22,3,Kansas,19,8,70.3704,1.0
6900,2021,1438,24,15,20,8,24,11,4,Virginia,18,6,75.0,0.0
6906,2021,1166,16,22,32,14,28,19,5,Creighton,20,8,71.4286,2.0
6912,2021,1425,9,13,13,27,14,14,6,USC,22,7,75.8621,3.0
6918,2021,1332,27,20,18,31,29,36,7,Oregon,20,6,76.9231,1.0
6924,2021,1328,41,47,51,39,38,39,8,Oklahoma,15,10,60.0,1.0
6930,2021,1281,43,28,27,51,35,51,9,Missouri,16,9,64.0,0.0
6936,2021,1433,44,41,28,57,56,45,10,VCU,19,7,73.0769,0.0
6942,2021,1179,65,42,37,70,57,53,11,Drake,23,4,85.1852,1.0
6948,2021,1455,67,38,24,66,79,74,11,Wichita St,14,5,73.6842,0.0
6954,2021,1364,54,52,44,94,63,69,12,UC Santa Barbara,20,4,83.3333,0.0
6960,2021,1325,107,90,79,102,73,78,13,Ohio,15,7,68.1818,1.0
6966,2021,1186,94,125,125,110,106,110,14,E Washington,15,7,68.1818,0.0
6972,2021,1213,92,115,126,127,82,108,15,Grand Canyon,14,6,70.0,0.0
6978,2021,1111,190,193,157,185,198,206,16,Appalachian St,13,11,54.1667,0.0
6984,2021,1313,207,196,143,211,222,197,16,Norfolk St,14,7,66.6667,1.0
6990,2021,1228,2,3,4,3,2,3,1,Illinois,23,6,79.3103,1.0
6996,2021,1222,6,9,6,6,6,6,2,Houston,23,3,88.4615,4.0
7002,2021,1452,22,21,15,19,31,27,3,West Virginia,18,9,66.6667,1.0
7008,2021,1329,25,12,8,26,30,30,4,Oklahoma St,20,8,71.4286,1.0
7014,2021,1397,26,26,30,17,9,21,5,Tennessee,18,8,69.2308,0.0
7020,2021,1361,15,18,7,21,17,20,6,San Diego St,22,4,84.6154,0.0
7026,2021,1155,37,24,22,35,51,42,7,Clemson,16,7,69.5652,0.0
7032,2021,1260,32,31,29,37,12,9,8,Loyola-Chicago,22,4,84.6154,2.0
7038,2021,1210,36,35,33,33,27,32,9,Georgia Tech,17,8,68.0,0.0
7044,2021,1353,34,32,42,30,34,34,10,Rutgers,15,11,57.6923,1.0
7050,2021,1393,46,46,45,34,43,41,11,Syracuse,16,9,64.0,2.0
7056,2021,1333,69,66,64,82,54,85,12,Oregon St,16,12,57.1429,3.0
7062,2021,1251,109,96,96,109,135,97,13,Liberty,19,5,79.1667,0.0
7068,2021,1287,124,99,75,151,111,127,14,Morehead St,21,7,75.0,0.0
7074,2021,1156,156,119,89,169,128,150,15,Cleveland St,19,7,73.0769,0.0
7080,2021,1180,143,160,137,139,131,145,16,Drexel,12,7,63.1579,0.0
7086,2021,1124,3,2,2,2,3,4,1,Baylor,22,2,91.6667,6.0
7092,2021,1326,8,7,10,7,8,7,2,Ohio St,21,9,70.0,0.0
7098,2021,1116,13,8,11,15,10,18,3,Arkansas,22,6,78.5714,3.0
7104,2021,1345,20,14,25,16,23,13,4,Purdue,18,9,66.6667,0.0
7110,2021,1437,12,19,19,11,25,12,5,Villanova,16,6,72.7273,2.0
7116,2021,1403,28,44,41,22,21,23,6,Texas Tech,17,10,62.963,1.0
7122,2021,1196,39,37,50,36,39,37,7,Florida,14,9,60.8696,1.0
7128,2021,1314,30,34,35,20,20,28,8,North Carolina,18,10,64.2857,0.0
7134,2021,1458,23,29,47,13,11,10,9,Wisconsin,17,12,58.6207,1.0
7140,2021,1439,50,40,36,46,45,50,10,Virginia Tech,15,6,71.4286,0.0
7146,2021,1429,45,65,48,50,61,40,11,Utah St,19,8,70.3704,0.0
7152,2021,1457,83,49,52,87,50,91,12,Winthrop,23,1,95.8333,0.0
7158,2021,1317,78,88,85,84,94,71,13,North Texas,16,9,64.0,1.0
7164,2021,1159,10,16,14,67,41,84,14,Colgate,14,1,93.3333,0.0
7170,2021,1331,151,150,181,152,130,151,15,Oral Roberts,13,10,56.5217,2.0
7176,2021,1216,181,156,155,186,146,189,16,Hartford,15,8,65.2174,0.0
